Date,Name,Year,Letterboxd URI,Rating
2023-02-25,The Machinist,2004,https://boxd.it/248c,4
2023-04-05,Ant-Man and the Wasp: Quantumania,2023,https://boxd.it/nL2y,2
2023-04-05,Dada,2023,https://boxd.it/AtFy,4
2023-04-05,Waltair Veerayya,2023,https://boxd.it/Bnkc,2
2023-04-05,Witness,2022,https://boxd.it/AFzi,2
2023-04-05,An Action Hero,2022,https://boxd.it/xk3Y,3.5
2023-04-05,HIT: The 2nd Case,2022,https://boxd.it/uzQq,3.5
2023-04-05,Masooda,2022,https://boxd.it/DEVI,2.5
2023-04-05,"Monica, O My Darling",2022,https://boxd.it/yuuM,3
2023-04-05,Mukundan Unni Associates™,2022,https://boxd.it/xcWQ,3
2023-04-05,Love Today,2022,https://boxd.it/D3KI,3.5
2023-04-05,Jaya Jaya Jaya Jaya Hey,2022,https://boxd.it/z60K,2.5
2023-04-05,Doctor G,2022,https://boxd.it/th9Q,3
2023-04-05,Kantara,2022,https://boxd.it/wqK8,3
2023-04-05,Chup,2022,https://boxd.it/xl3U,3
2023-04-05,The Menu,2022,https://boxd.it/lScm,3
2023-04-05,Glass Onion,2022,https://boxd.it/oCkK,3.5
2023-04-05,Kanam,2022,https://boxd.it/xxZG,3.5
2023-04-05,Brahmāstra Part One: Shiva,2022,https://boxd.it/hUJO,2.5
2023-04-05,The Whale,2022,https://boxd.it/tw4c,4
2023-04-05,Thiruchitrambalam,2022,https://boxd.it/wptK,4
2023-04-05,Karthikeya 2,2022,https://boxd.it/xNX2,3.5
2023-04-05,Thallumaala,2022,https://boxd.it/wDmy,3.5
2023-04-05,Darlings,2022,https://boxd.it/uaH4,3
2023-04-05,The Gray Man,2022,https://boxd.it/rb7q,2.5
2023-04-05,Rocketry: The Nambi Effect,2022,https://boxd.it/mqrq,3.5
2023-04-05,Thor: Love and Thunder,2022,https://boxd.it/mMAY,2
2023-04-05,777 Charlie,2022,https://boxd.it/nw1g,3.5
2023-04-05,Ms. Marvel,2022,https://boxd.it/ANCY,3
2023-04-05,Major,2022,https://boxd.it/mkWM,3
2023-04-05,Vikram,2022,https://boxd.it/rUJa,3.5
2023-04-05,12th Man,2022,https://boxd.it/vZta,2.5
2023-04-05,Don,2022,https://boxd.it/xOoC,4
2023-04-05,Ashoka Vanamlo Arjuna Kalyanam,2022,https://boxd.it/Ayys,2.5
2023-04-05,Jana Gana Mana,2022,https://boxd.it/tOpC,3.5
2023-04-05,K.G.F: Chapter 2,2022,https://boxd.it/lCgM,3
2023-04-05,Moon Knight,2022,https://boxd.it/zeDq,3
2023-04-05,Fantastic Beasts: The Secrets of Dumbledore,2022,https://boxd.it/bg8Q,3
2023-04-05,RRR,2022,https://boxd.it/ljDs,4
2023-04-05,Stand Up Rahul,2022,https://boxd.it/yZRC,2
2023-04-05,Everything Everywhere All at Once,2022,https://boxd.it/jUk4,3
2023-04-05,Radhe Shyam,2022,https://boxd.it/p63u,2.5
2023-04-05,Aadavaallu Meeku Johaarlu,2022,https://boxd.it/xxRC,2.5
2023-04-05,The Adam Project,2022,https://boxd.it/q2Dg,3
2023-04-05,Bheemla Nayak,2022,https://boxd.it/uzR4,2.5
2023-04-05,Gangubai Kathiawadi,2022,https://boxd.it/oJek,3
2023-04-05,Badhaai Do,2022,https://boxd.it/sl1E,3
2023-04-05,DJ Tillu,2022,https://boxd.it/zkBU,3
2023-04-05,Mahaan,2022,https://boxd.it/uhxK,4
2023-04-05,Hridayam,2022,https://boxd.it/ohO0,3.5
2023-04-05,Mudhal Nee Mudivum Nee,2022,https://boxd.it/wzhk,4
2023-04-05,Harry Potter 20th Anniversary: Return to Hogwarts,2022,https://boxd.it/xXJk,3
2023-04-05,Senapathi,2021,https://boxd.it/yskU,3
2023-04-05,Shyam Singha Roy,2021,https://boxd.it/u62G,3
2023-04-05,Minnal Murali,2021,https://boxd.it/osLw,2.5
2023-04-05,Spider-Man: No Way Home,2021,https://boxd.it/nwRw,3.5
2023-04-05,Maa Oori Polimera,2021,https://boxd.it/ypou,4
2023-04-05,Don't Look Up,2021,https://boxd.it/o0Hc,3.5
2023-04-05,Drushyam 2,2021,https://boxd.it/vZzC,3
2023-04-05,Hawkeye,2021,https://boxd.it/xQqK,3
2023-04-05,Garuda Gamana Vrishabha Vahana,2021,https://boxd.it/pj7u,2.5
2023-04-05,Adbhutham,2021,https://boxd.it/xFIo,2.5
2023-04-05,Pushpaka Vimanam,2021,https://boxd.it/x92U,2.5
2023-04-05,Jai Bhim,2021,https://boxd.it/wj82,3
2023-04-05,Family Drama,2021,https://boxd.it/xEhc,3.5
2023-04-05,Eternals,2021,https://boxd.it/j36o,2
2023-04-05,Sardar Udham,2021,https://boxd.it/m5kS,4
2023-04-05,Doctor,2021,https://boxd.it/p5Ps,3.5
2023-04-05,House of Secrets: The Burari Deaths,2021,https://boxd.it/xkSM,3
2023-04-05,Lift,2021,https://boxd.it/xcnQ,3
2023-04-05,Republic,2021,https://boxd.it/x2b6,4
2023-04-05,Love Story,2021,https://boxd.it/oIb0,3
2023-04-05,Maestro,2021,https://boxd.it/uzRy,2.5
2023-04-05,Venom: Let There Be Carnage,2021,https://boxd.it/llco,2.5
2023-04-05,The Guilty,2021,https://boxd.it/kOPW,2.5
2023-04-05,Nootokka Jillala Andagadu,2021,https://boxd.it/wOxs,2.5
2023-04-05,Vivaha Bhojanambu,2021,https://boxd.it/e8GQ,3
2023-04-05,Shang-Chi and the Legend of the Ten Rings,2021,https://boxd.it/kLDI,3
2023-04-05,Shershaah,2021,https://boxd.it/m860,3
2023-04-05,Free Guy,2021,https://boxd.it/k8dm,3
2023-04-05,Thimmarusu: Assignment Vali,2021,https://boxd.it/uj70,3
2023-04-05,Sarpatta Parambarai,2021,https://boxd.it/tX36,2.5
2023-04-05,Narappa,2021,https://boxd.it/oPbw,3
2023-04-05,Malik,2021,https://boxd.it/oLgC,2
2023-04-05,The Tomorrow War,2021,https://boxd.it/lE78,3
2023-04-05,Cold Case,2021,https://boxd.it/vDrm,2
2023-04-05,Loki,2021,https://boxd.it/sbHg,4
2023-04-05,Friends: The Reunion,2021,https://boxd.it/pOQq,4
2023-04-05,Ek Mini Katha,2021,https://boxd.it/vqsw,3
2023-04-05,Karnan,2021,https://boxd.it/pnSa,2
2023-04-05,Vakeel Saab,2021,https://boxd.it/p7Ka,3
2023-04-05,Joji,2021,https://boxd.it/tMgS,3.5
2023-04-05,Wild Dog,2021,https://boxd.it/uc5G,2
2023-04-05,Rang De,2021,https://boxd.it/tUSA,2
2023-04-05,The Falcon and the Winter Soldier,2021,https://boxd.it/sbH6,3
2023-04-05,Teddy,2021,https://boxd.it/lBvm,2
2023-04-05,Jathi Ratnalu,2021,https://boxd.it/tXxq,2.5
2023-04-05,The Priest,2021,https://boxd.it/oGL6,2
2023-04-05,Gaali Sampath,2021,https://boxd.it/tYUg,2
2023-04-05,A1 Express,2021,https://boxd.it/u73q,3
2023-04-05,Play Back,2021,https://boxd.it/ueZ2,3
2023-04-05,Ninnila Ninnila,2021,https://boxd.it/smfM,4
2023-04-05,Check,2021,https://boxd.it/tGRo,3
2023-04-05,Drishyam 2,2021,https://boxd.it/qsak,4
2023-04-05,Naandhi,2021,https://boxd.it/u1FS,3
2023-04-05,Kapatadhaari,2021,https://boxd.it/tLE0,3
2023-04-05,Operation Java,2021,https://boxd.it/tP0e,3
2023-04-05,Uppena,2021,https://boxd.it/moEM,3
2023-04-05,Zombie Reddy,2021,https://boxd.it/t4ci,3
2023-04-05,WandaVision,2021,https://boxd.it/sbGW,3
2023-04-05,Red,2021,https://boxd.it/pqdu,3
2023-04-06,Virumaandi,2004,https://boxd.it/8tk,3
2023-04-07,Vaathi,2023,https://boxd.it/yBN2,2.5
2023-04-07,Super Over,2021,https://boxd.it/tFvm,2.5
2023-04-07,Master,2021,https://boxd.it/nbII,3.5
2023-04-07,Mail,2021,https://boxd.it/txS8,3
2023-04-07,Krack,2021,https://boxd.it/tv70,2
2023-04-07,Solo Brathuke So Better,2020,https://boxd.it/qHkO,2.5
2023-04-07,IIT Krishnamurthy,2020,https://boxd.it/t7pk,2
2023-04-07,Bombhaat,2020,https://boxd.it/sWXA,1.5
2023-04-07,Andhaghaaram,2020,https://boxd.it/swim,3
2023-04-07,Middle Class Melodies,2020,https://boxd.it/sMiM,3.5
2023-04-07,Mookuthi Amman,2020,https://boxd.it/srSu,2
2023-04-07,Soorarai Pottru,2020,https://boxd.it/lWrq,4
2023-04-07,Colour Photo,2020,https://boxd.it/pN4q,3
2023-04-07,Orey Bujjiga,2020,https://boxd.it/s6HU,2.5
2023-04-07,Uma Maheswara Ugra Roopasya,2020,https://boxd.it/rg9m,2.5
2023-04-07,Power Star,2020,https://boxd.it/rheW,2
2023-04-07,Dil Bechara,2020,https://boxd.it/nYrQ,3
2023-04-07,Ponmagal Vandhal,2020,https://boxd.it/mLSW,2.5
2023-04-07,O Pitta Katha,2020,https://boxd.it/pqZy,3
2023-04-07,Kannum Kannum Kollaiyadithaal,2020,https://boxd.it/iij6,4
2023-04-07,Forensic,2020,https://boxd.it/pe54,3.5
2023-04-07,Bheeshma,2020,https://boxd.it/p8Qy,3
2023-04-07,Trance,2020,https://boxd.it/lIWO,3
2023-04-07,Oh My Kadavule,2020,https://boxd.it/npg4,3
2023-04-07,Ayyappanum Koshiyum,2020,https://boxd.it/otGi,3
2023-04-07,Jaanu,2020,https://boxd.it/oVJa,3
2023-04-07,Aswathama,2020,https://boxd.it/otwM,2.5
2023-04-07,Disco Raja,2020,https://boxd.it/jtSy,2.5
2023-04-07,The Heist of the Century,2020,https://boxd.it/mvuY,2
2023-04-07,Ala Vaikunthapurramuloo,2020,https://boxd.it/ngUk,3.5
2023-04-07,Anjaam Pathiraa,2020,https://boxd.it/osoi,3
2023-04-07,Mathu Vadalara,2019,https://boxd.it/osXW,4
2023-04-07,Hero,2019,https://boxd.it/mPDm,3
2023-04-07,Amma Rajyam Lo Kadapa Biddalu,2019,https://boxd.it/op4k,2.5
2023-04-07,90ML,2019,https://boxd.it/ojMK,2
2023-04-07,Raja Vaaru Rani Gaaru,2019,https://boxd.it/mQ9s,3
2023-04-07,George Reddy,2019,https://boxd.it/oa0W,3
2023-04-07,Helen,2019,https://boxd.it/nKg0,3.5
2023-04-07,Tenali Ramakrishna BA.BL,2019,https://boxd.it/n2oa,2
2023-04-07,Android Kunjappan Version 5.25,2019,https://boxd.it/o2mU,3
2023-04-07,Bala,2019,https://boxd.it/liem,3
2023-04-07,Meeku Maathrame Cheptha,2019,https://boxd.it/nKzc,2
2023-04-07,Kaithi,2019,https://boxd.it/lBLY,4
2023-04-07,Bigil,2019,https://boxd.it/kDlQ,2
2023-04-07,Evvarikee Cheppoddu,2019,https://boxd.it/nFjS,3
2023-04-07,War,2019,https://boxd.it/lwH8,2
2023-04-07,Sye Raa Narasimha Reddy,2019,https://boxd.it/hU9w,2
2023-04-07,Kaappaan,2019,https://boxd.it/jqES,2.5
2023-04-07,Gaddalakonda Ganesh,2019,https://boxd.it/mA5E,2.5
2023-04-07,Nani's Gang Leader,2019,https://boxd.it/mDD0,3.5
2023-04-07,Knives Out,2019,https://boxd.it/jWEA,4
2023-04-07,Chhichhore,2019,https://boxd.it/lZOW,4
2023-04-07,Ford v Ferrari,2019,https://boxd.it/ce74,4
2023-04-07,Saaho,2019,https://boxd.it/gdaa,3
2023-04-07,Evaru,2019,https://boxd.it/mq76,4
2023-04-07,Ranarangam,2019,https://boxd.it/mBUy,3
2023-04-07,Comali,2019,https://boxd.it/lLgQ,2
2023-04-07,Dear Comrade,2019,https://boxd.it/kEOE,3
2023-04-07,Sammohanam,2018,https://boxd.it/jh4w,3
2023-04-07,C/o Kancharapalem,2018,https://boxd.it/jSlk,3
2023-04-07,Awe!,2018,https://boxd.it/i4l8,3
2023-04-07,Naa Peru Surya - Naa Illu India,2018,https://boxd.it/i442,2.5
2023-04-07,U Turn,2018,https://boxd.it/jvko,2
2023-04-07,Devadas,2018,https://boxd.it/k7Kk,3
2023-04-07,Bhaagamathie,2018,https://boxd.it/hvPs,2.5
2023-04-07,Hello Guru Prema Kosame,2018,https://boxd.it/iKSS,2
2023-04-08,Ravanasura,2023,https://boxd.it/xHL0,2.5
2023-04-09,Eternal Sunshine of the Spotless Mind,2004,https://boxd.it/6YK,4
2023-04-09,Romancham,2023,https://boxd.it/ARRe,3
2023-04-10,John Wick: Chapter 3 – Parabellum,2019,https://boxd.it/gmFw,3
2023-04-10,The Batman,2022,https://boxd.it/eDGs,3
2023-04-11,The Big Short,2015,https://boxd.it/ajZw,3
2023-04-11,The Nice Guys,2016,https://boxd.it/94Hg,4
2023-04-12,The Notebook,2004,https://boxd.it/1UNE,3
2023-04-12,Chor Nikal Ke Bhaga,2023,https://boxd.it/CuQm,2.5
2023-04-12,Andhadhun,2018,https://boxd.it/jtfc,4
2023-04-12,Ludo,2020,https://boxd.it/ou2o,3
2023-04-12,Super 30,2019,https://boxd.it/jrkE,3
2023-04-12,Kaabil,2017,https://boxd.it/eco2,2
2023-04-12,Train to Busan,2016,https://boxd.it/dSQU,4
2023-04-12,John Wick,2014,https://boxd.it/7dEc,3
2023-04-12,Fight Club,1999,https://boxd.it/2a9q,5
2023-04-12,Get Out,2017,https://boxd.it/eOCm,4
2023-04-12,The Age of Adaline,2015,https://boxd.it/9ghu,3
2023-04-14,Predestination,2014,https://boxd.it/6bJM,5
2023-04-14,Source Code,2011,https://boxd.it/fdo,3
2023-04-14,When We First Met,2018,https://boxd.it/fn3G,3
2023-04-14,(500) Days of Summer,2009,https://boxd.it/1EmM,4
2023-04-14,Guns Akimbo,2019,https://boxd.it/gkFu,3
2023-04-14,Nobody,2021,https://boxd.it/mLqS,3
2023-04-15,GoodFellas,1990,https://boxd.it/29FA,4
2023-04-19,Passengers,2016,https://boxd.it/8lFu,3
2023-04-21,The BFG,2016,https://boxd.it/81cs,3
2023-04-23,The Banshees of Inisherin,2022,https://boxd.it/p7XS,4
2023-04-27,Pencil,2016,https://boxd.it/7Qes,3
2023-05-02,Das Ka Dhamki,2023,https://boxd.it/Dvha,2
2023-05-04,Happy Birthday,2022,https://boxd.it/yGrA,2.5
2023-05-05,Chi La Sow,2018,https://boxd.it/jGLA,3.5
2023-05-06,The Curious Case of Benjamin Button,2008,https://boxd.it/23Fk,3.5
2023-05-06,Guardians of the Galaxy Vol. 3,2023,https://boxd.it/fVNI,3.5
2023-05-09,Dunkirk,2017,https://boxd.it/d0Y6,4
2023-05-11,Magnolia,1999,https://boxd.it/2aze,4
2023-05-11,Writer Padmabhushan,2023,https://boxd.it/EyIK,3
2023-05-12,The Darjeeling Limited,2007,https://boxd.it/24as,4
2023-05-13,Driving Licence,2019,https://boxd.it/oquo,4
2023-05-14,Shaun of the Dead,2004,https://boxd.it/29J8,4
2023-05-14,Bad Genius,2017,https://boxd.it/ggpM,3
2023-05-16,The Tashkent Files,2019,https://boxd.it/lV6m,3.5
2023-05-16,Zombieland: Double Tap,2019,https://boxd.it/bgb6,3
2023-05-16,Air,2023,https://boxd.it/Arlc,4
2023-05-18,Yeto Vellipoyindhi Manasu,2012,https://boxd.it/4IRA,4
2023-05-19,Shazam!,2019,https://boxd.it/8WBu,4
2023-05-21,Shazam! Fury of the Gods,2023,https://boxd.it/lV0S,2.5
2023-05-21,Rang De Basanti,2006,https://boxd.it/20KG,3
2023-05-23,The Shining,1980,https://boxd.it/29Nu,5
2023-05-28,Kaun?,1999,https://boxd.it/4y6Y,4
2023-05-28,Bruce Almighty,2003,https://boxd.it/2aCC,3
2023-06-05,Black Swan,2010,https://boxd.it/Sw0,4
2023-06-10,2018,2023,https://boxd.it/wKhA,4
2023-06-10,Dhamaka,2021,https://boxd.it/sPNy,2.5
2023-06-12,About Time,2013,https://boxd.it/43bI,5
2023-06-13,Ave Kallu,1967,https://boxd.it/9CgI,4
2023-06-14,Nayattu,2021,https://boxd.it/sjf0,4
2023-06-14,Pachuvum Athbhuthavilakkum,2023,https://boxd.it/uLqO,4.5
2023-06-15,Sulthan,2021,https://boxd.it/tOja,2.5
2023-06-15,iSmart Shankar,2019,https://boxd.it/muXg,3
2023-06-15,Rakshasudu,2019,https://boxd.it/mo0s,3.5
2023-06-15,The Lion King,2019,https://boxd.it/eSjI,3
2023-06-15,Oh! Baby,2019,https://boxd.it/mpKG,3
2023-06-15,Jiivi,2019,https://boxd.it/my4u,4
2023-06-15,Spider-Man: Far From Home,2019,https://boxd.it/fegG,3.5
2023-06-15,Agent Sai Srinivasa Athreya,2019,https://boxd.it/mygg,4
2023-06-15,1st Rank Raju,2019,https://boxd.it/my4E,2
2023-06-15,Game Over,2019,https://boxd.it/kevw,2.5
2023-06-15,Toy Story 4,2019,https://boxd.it/9ALu,3
2023-06-15,Virus,2019,https://boxd.it/lwO4,2.5
2023-06-15,Kolaigaran,2019,https://boxd.it/lBfe,3.5
2023-06-15,Article 15,2019,https://boxd.it/m0mO,3.5
2023-06-15,Sita,2019,https://boxd.it/mjoO,2
2023-06-15,ABCD: American-Born Confused Desi,2019,https://boxd.it/lD8k,2
2023-06-15,Avengers: Endgame,2019,https://boxd.it/9vE4,4
2023-06-15,Jersey,2019,https://boxd.it/lQjU,4.5
2023-06-15,Athiran,2019,https://boxd.it/lPmS,3
2023-06-15,Majili,2019,https://boxd.it/kZ6y,3
2023-06-15,Super Deluxe,2019,https://boxd.it/fjRW,3.5
2023-06-15,Arjun Suravaram,2019,https://boxd.it/kLC6,3
2023-06-15,Lucifer,2019,https://boxd.it/kHxw,3.5
2023-06-15,Captain Marvel,2019,https://boxd.it/9vSA,2
2023-06-15,118,2019,https://boxd.it/lxIG,2.5
2023-06-15,Bell Bottom,2019,https://boxd.it/lvuM,3.5
2023-06-15,Dev,2019,https://boxd.it/jEPU,2
2023-06-15,Yatra,2019,https://boxd.it/iWfy,3.5
2023-06-15,Petta,2019,https://boxd.it/jtnK,3
2023-06-15,Bluff Master,2018,https://boxd.it/kYy2,2.5
2023-06-15,Njan Prakashan,2018,https://boxd.it/kG0c,4
2023-06-15,Maari 2,2018,https://boxd.it/hMlu,2.5
2023-06-15,Padi Padi Leche Manasu,2018,https://boxd.it/kLmi,2
2023-06-15,K.G.F: Chapter 1,2018,https://boxd.it/kGf2,4
2023-06-15,Antariksham 9000 KMPH,2018,https://boxd.it/kLGW,2.5
2023-06-15,Hushaaru,2018,https://boxd.it/kIue,3
2023-06-15,Spider-Man: Into the Spider-Verse,2018,https://boxd.it/azpY,4
2023-06-15,2.0,2018,https://boxd.it/cXRm,2.5
2023-06-15,Aquaman,2018,https://boxd.it/9ru0,3
2023-06-15,Fantastic Beasts: The Crimes of Grindelwald,2018,https://boxd.it/bg8G,3
2023-06-15,Savyasachi,2018,https://boxd.it/jx72,3
2023-06-15,Badhaai Ho,2018,https://boxd.it/jZv2,3.5
2023-06-15,Vada Chennai,2018,https://boxd.it/esfK,3
2023-06-15,Ratsasan,2018,https://boxd.it/eyFu,4
2023-06-15,Nota,2018,https://boxd.it/iyfY,2.5
2023-06-15,Bhale Manchi Chowka Beram,2018,https://boxd.it/kfp0,3
2023-06-15,96,2018,https://boxd.it/fHYM,3.5
2023-06-15,Nannu Dochukunduvate,2018,https://boxd.it/k4TS,3
2023-06-15,Silly Fellows,2018,https://boxd.it/k1vS,2
2023-06-15,Shailaja Reddy Alludu,2018,https://boxd.it/jxag,2
2023-06-15,Paper Boy,2018,https://boxd.it/jJry,3.5
2023-06-15,Tumbbad,2018,https://boxd.it/jDZk,4
2023-06-15,Imaikkaa Nodigal,2018,https://boxd.it/eEnw,2.5
2023-06-15,Neevevaro,2018,https://boxd.it/jRUy,3
2023-06-15,Geetha Govindam,2018,https://boxd.it/jHkg,3.5
2023-06-15,Goodachari,2018,https://boxd.it/jGLg,4
2023-06-15,Brand Babu,2018,https://boxd.it/jH6I,3
2023-06-15,RX 100,2018,https://boxd.it/juhI,3.5
2023-06-15,Pantham,2018,https://boxd.it/jrVq,2
2023-06-15,Ee Nagaraniki Emaindi?,2018,https://boxd.it/jnYq,5
2023-06-15,Ant-Man and the Wasp,2018,https://boxd.it/cqUW,3
2023-06-15,Tik Tik Tik,2018,https://boxd.it/guH6,3.5
2023-06-15,Taxiwala,2018,https://boxd.it/iSEu,2.5
2023-06-15,Raju Gadu,2018,https://boxd.it/jdrc,2
2023-06-15,Nela Ticket,2018,https://boxd.it/j8Ma,1.5
2023-06-15,Irumbu Thirai,2018,https://boxd.it/hykC,4
2023-06-15,Deadpool 2,2018,https://boxd.it/dlLM,4
2023-06-15,Achari America Yatra,2018,https://boxd.it/ii4K,3
2023-06-15,Avengers: Infinity War,2018,https://boxd.it/9vEe,3.5
2023-06-15,Bharat Ane Nenu,2018,https://boxd.it/i7KA,3.5
2023-06-15,Mercury,2018,https://boxd.it/gzIe,2
2023-06-15,Krishnarjuna Yudham,2018,https://boxd.it/i4r6,3.5
2023-06-15,Chal Mohan Ranga,2018,https://boxd.it/ipL2,3
2023-06-15,Rangasthalam,2018,https://boxd.it/gu8K,4
2023-06-15,Needi Naadi Oke Katha,2018,https://boxd.it/iBTi,4.5
2023-06-15,Manchi Lakshanalunna Abbayi,2018,https://boxd.it/imDO,2
2023-06-15,Kirrak Party,2018,https://boxd.it/ipM0,2.5
2023-06-15,Tholi Prema,2018,https://boxd.it/i48S,2.5
2023-06-15,Chalo,2018,https://boxd.it/i2PA,3.5
2023-06-15,Black Panther,2018,https://boxd.it/8MHs,3
2023-06-15,Hereditary,2018,https://boxd.it/hNVe,3
2023-06-15,Thaanaa Serndha Koottam,2018,https://boxd.it/fmzc,3.5
2023-06-15,Agnyaathavaasi,2018,https://boxd.it/hRDo,2
2023-06-15,Okka Kshanam,2017,https://boxd.it/hQyC,3
2023-06-15,Mayaanadhi,2017,https://boxd.it/goaU,2.5
2023-06-15,Velaikkaran,2017,https://boxd.it/giem,3.5
2023-06-15,Hello!,2017,https://boxd.it/hO2k,3
2023-06-15,M.C.A,2017,https://boxd.it/htJM,2.5
2023-06-15,Maayavan,2017,https://boxd.it/eoPY,4
2023-06-15,Malli Raava,2017,https://boxd.it/hJNU,3.5
2023-06-15,Jawaan,2017,https://boxd.it/gt9s,2
2023-06-15,Oxygen,2017,https://boxd.it/hlGq,3
2023-06-15,Mental Madhilo,2017,https://boxd.it/hJV0,3.5
2023-06-15,Napoleon,2017,https://boxd.it/i6bY,3
2023-06-15,Theeran Adhigaaram Ondru,2017,https://boxd.it/ghV0,4
2023-06-15,Aramm,2017,https://boxd.it/g46S,2.5
2023-06-15,PSV Garuda Vega,2017,https://boxd.it/hqq8,3.5
2023-06-15,Next Nuvve,2017,https://boxd.it/hrNi,2.5
2023-06-15,Vunnadhi Okate Zindagi,2017,https://boxd.it/houC,2
2023-06-15,Mersal,2017,https://boxd.it/gicK,2.5
2023-06-15,Raju Gari Gadhi 2,2017,https://boxd.it/hhw2,2
2023-06-15,Thor: Ragnarok,2017,https://boxd.it/8MHi,4
2023-06-15,Solo,2017,https://boxd.it/grbc,3
2023-06-15,Mahanubhavudu,2017,https://boxd.it/hbVA,3
2023-06-15,Jai Lava Kusa,2017,https://boxd.it/3tnS,3.5
2023-06-15,Thupparivaalan,2017,https://boxd.it/esI8,4
2023-06-15,It,2017,https://boxd.it/bC8e,3.5
2023-06-15,Arjun Reddy,2017,https://boxd.it/gYiq,4
2023-06-15,Vivegam,2017,https://boxd.it/fAtC,3
2023-06-15,Anando Brahma,2017,https://boxd.it/gU5W,3
2023-06-15,The Hitman's Bodyguard,2017,https://boxd.it/dCmO,3
2023-06-15,Nene Raju Nene Mantri,2017,https://boxd.it/gt30,3.5
2023-06-15,LIE,2017,https://boxd.it/gAaW,3
2023-06-15,Jaya Janaki Nayaka,2017,https://boxd.it/gGPG,2.5
2023-06-15,Goutham Nanda,2017,https://boxd.it/gF1g,4
2023-06-15,Vikram Vedha,2017,https://boxd.it/fkaY,4
2023-06-15,Fidaa,2017,https://boxd.it/gKvK,3.5
2023-06-15,Shamantakamani,2017,https://boxd.it/gIPI,3.5
2023-06-15,Ninnu Kori,2017,https://boxd.it/gEcW,3.5
2023-06-15,Spider-Man: Homecoming,2017,https://boxd.it/aboM,4
2023-06-15,Thondimuthalum Driksakshiyum,2017,https://boxd.it/grc0,4
2023-06-15,DJ: Duvvada Jagannadham,2017,https://boxd.it/fMIu,3
2023-06-15,Maragadha Naanayam,2017,https://boxd.it/ewXQ,3
2023-06-15,Ami Thumi,2017,https://boxd.it/gwNq,2.5
2023-06-15,Andhhagadu,2017,https://boxd.it/gsw6,3
2023-06-15,Rarandoi Veduka Chudham,2017,https://boxd.it/gnXw,3.5
2023-06-15,Pirates of the Caribbean: Dead Men Tell No Tales,2017,https://boxd.it/5a9m,3
2023-06-15,Keshava,2017,https://boxd.it/gmmu,3
2023-06-15,Radha,2017,https://boxd.it/glrI,2
2023-06-15,Bāhubali 2: The Conclusion,2017,https://boxd.it/bMfO,4
2023-06-15,Guardians of the Galaxy Vol. 2,2017,https://boxd.it/8MxC,3.5
2023-06-15,Sivalinga,2017,https://boxd.it/g7Va,3
2023-06-15,Dora,2017,https://boxd.it/eG8y,2.5
2023-06-15,Life,2017,https://boxd.it/dRqG,3
2023-06-15,Baby Driver,2017,https://boxd.it/bhF2,4.5
2023-06-15,Maanagaram,2017,https://boxd.it/ewN2,4
2023-06-15,Kuttram 23,2017,https://boxd.it/e9Pu,2
2023-06-15,Kittu Unnadu Jagratha,2017,https://boxd.it/fSzo,2.5
2023-06-15,Winner,2017,https://boxd.it/fML4,2
2023-06-15,The Ghazi Attack,2017,https://boxd.it/fJu0,3.5
2023-06-15,Newton,2017,https://boxd.it/fBbO,3.5
2023-06-16,John Wick: Chapter 4,2023,https://boxd.it/mh48,3
2023-06-18,Midsommar,2019,https://boxd.it/jhxe,3.5
2023-06-24,Good Will Hunting,1997,https://boxd.it/2ahY,4
2023-06-24,The Martian,2015,https://boxd.it/8SeG,4
2023-06-24,The Departed,2006,https://boxd.it/28MA,4
2023-06-24,Raanjhanaa,2013,https://boxd.it/5M1U,4
2023-06-26,October,2018,https://boxd.it/hUvi,4
2023-06-29,Whiplash,2014,https://boxd.it/7bQA,5
2023-06-29,Dead Poets Society,1989,https://boxd.it/2aSg,4.5
2023-06-29,Save the Tigers,2023,https://boxd.it/GpTS,2.5
2023-07-01,The Grand Budapest Hotel,2014,https://boxd.it/3ZqO,4
2023-07-01,Dia,2020,https://boxd.it/p23g,3
2023-07-01,Thambi,2019,https://boxd.it/o6pe,3
2023-07-01,Escape Room,2019,https://boxd.it/iYlS,3
2023-07-01,Veera Bhoga Vasantha Rayalu,2018,https://boxd.it/knVy,3.5
2023-07-01,Wonder Woman,2017,https://boxd.it/9roG,3
2023-07-02,Lady Bird,2017,https://boxd.it/dGNE,3.5
2023-07-03,Dune,2021,https://boxd.it/fA7G,4
2023-07-03,Pammal K. Sambandam,2002,https://boxd.it/8sG,3
2023-07-03,Sanju,2018,https://boxd.it/hTZm,4
2023-07-03,Toy Story 2,1999,https://boxd.it/29qq,4
2023-07-03,The Silence of the Lambs,1991,https://boxd.it/2aHW,4
2023-07-03,Orphan,2009,https://boxd.it/1CgM,3.5
2023-07-03,Tenet,2020,https://boxd.it/leq4,4
2023-07-04,Cha Cha Real Smooth,2022,https://boxd.it/uF8E,5
2023-07-04,Interstellar,2014,https://boxd.it/4VZ8,5
2023-07-04,The Shawshank Redemption,1994,https://boxd.it/2aHi,5
2023-07-04,Good Night,2023,https://boxd.it/FgZA,3.5
2023-07-04,Dasara,2023,https://boxd.it/xq4y,3
2023-07-05,Aladdin,2019,https://boxd.it/eSjy,3
2023-07-06,The 40 Year Old Virgin,2005,https://boxd.it/21hK,3
2023-07-08,Ready Player One,2018,https://boxd.it/aZes,4
2023-07-11,Arrival,2016,https://boxd.it/aNGk,4.5
2023-07-11,Son of Satyamurthy,2015,https://boxd.it/b0uw,3
2023-07-11,Nenu Local,2017,https://boxd.it/fBb0,3.5
2023-07-11,John Wick: Chapter 2,2017,https://boxd.it/ayGu,3
2023-07-11,Si 3,2017,https://boxd.it/d5cm,2.5
2023-07-11,Luckunnodu,2017,https://boxd.it/fEMI,2
2023-07-11,Khaidi No. 150,2017,https://boxd.it/exjs,2.5
2023-07-11,Shatamanam Bhavati,2017,https://boxd.it/fsk8,3
2023-07-11,Gautamiputra Satakarni,2017,https://boxd.it/fpMy,2
2023-07-11,Appatlo Okadundevadu,2016,https://boxd.it/fpBq,4
2023-07-11,Dhuruvangal Pathinaaru,2016,https://boxd.it/eCLG,4
2023-07-11,Dangal,2016,https://boxd.it/chfU,3.5
2023-07-11,Ekkadiki Pothavu Chinnavada,2016,https://boxd.it/f6Bc,3
2023-07-11,Fantastic Beasts and Where to Find Them,2016,https://boxd.it/7FPC,3.5
2023-07-11,Saahasam Swaasaga Saagipo,2016,https://boxd.it/dVek,3.5
2023-07-11,Kaashmora,2016,https://boxd.it/cT1c,2.5
2023-07-11,Doctor Strange,2016,https://boxd.it/8MH8,3.5
2023-07-11,Ism,2016,https://boxd.it/eWHO,2
2023-07-11,Remo,2016,https://boxd.it/e9Pk,3
2023-07-11,Dhruva,2016,https://boxd.it/etYQ,4
2023-07-11,M.S. Dhoni: The Untold Story,2016,https://boxd.it/dyem,4.5
2023-07-11,Hyper,2016,https://boxd.it/eOfC,2
2023-07-11,Majnu,2016,https://boxd.it/epDu,3
2023-07-11,Nirmala Convent,2016,https://boxd.it/ePay,2
2023-07-11,Premam,2016,https://boxd.it/epDE,3
2023-07-11,Jyo Achyutananda,2016,https://boxd.it/eKZQ,3.5
2023-07-11,Oppam,2016,https://boxd.it/eegu,3.5
2023-07-11,Janatha Garage,2016,https://boxd.it/ehpu,3
2023-07-11,Babu Bangaram,2016,https://boxd.it/esT6,2.5
2023-07-11,Manamantha,2016,https://boxd.it/esLw,3.5
2023-07-11,Suicide Squad,2016,https://boxd.it/9row,3
2023-07-11,Gentleman,2016,https://boxd.it/e23e,3
2023-07-11,Now You See Me 2,2016,https://boxd.it/99fw,2.5
2023-07-11,A Aa,2016,https://boxd.it/cVkA,3
2023-07-11,24,2016,https://boxd.it/cKPi,3.5
2023-07-11,Supreme,2016,https://boxd.it/dSm6,3
2023-07-11,Theri,2016,https://boxd.it/cPGq,2.5
2023-07-11,Captain America: Civil War,2016,https://boxd.it/89Ja,4
2023-07-11,Sarrainodu,2016,https://boxd.it/d1BC,3
2023-07-11,Kali,2016,https://boxd.it/dEZo,3.5
2023-07-11,Run,2016,https://boxd.it/ffi4,1.5
2023-07-11,Oopiri,2016,https://boxd.it/cPiy,4
2023-07-11,Batman v Superman: Dawn of Justice,2016,https://boxd.it/6fBW,3.5
2023-07-11,Pichaikkaran,2016,https://boxd.it/dkw2,3.5
2023-07-11,Kshanam,2016,https://boxd.it/dtxo,4
2023-07-11,Krishna Gaadi Veera Prema Gaadha,2016,https://boxd.it/doCo,3.5
2023-07-11,Zootopia,2016,https://boxd.it/84xS,4
2023-07-11,Deadpool,2016,https://boxd.it/9fOC,4
2023-07-11,Soggade Chinni Nayana,2016,https://boxd.it/daTK,2.5
2023-07-11,Express Raja,2016,https://boxd.it/daTg,4
2023-07-11,Nannaku Prematho...,2016,https://boxd.it/cDnG,3.5
2023-07-11,Nenu.. Sailaja...,2016,https://boxd.it/d6EG,3
2023-07-11,Soukhyam,2015,https://boxd.it/dUlY,2.5
2023-07-11,Pasanga 2,2015,https://boxd.it/cBag,3
2023-07-11,Loafer,2015,https://boxd.it/cTxi,2
2023-07-11,Inji Iduppazhagi,2015,https://boxd.it/c78a,2.5
2023-07-11,Kumari 21F,2015,https://boxd.it/cPvW,4
2023-07-11,Akhil,2015,https://boxd.it/cRWg,2
2023-07-11,Kanche,2015,https://boxd.it/cCgE,3
2023-07-11,Bruce Lee - The Fighter,2015,https://boxd.it/cBgo,2
2023-07-11,Raju Gari Gadhi,2015,https://boxd.it/ddbc,3
2023-07-11,Rudhramadevi,2015,https://boxd.it/a9Zm,2
2023-07-11,Shivam,2015,https://boxd.it/9Q2q,2.5
2023-07-11,Subramanyam For Sale,2015,https://boxd.it/d8bm,3
2023-07-11,The Man Who Knew Infinity,2015,https://boxd.it/bTpm,3
2023-07-11,Maya,2015,https://boxd.it/cfLO,3
2023-07-11,Bhale Bhale Magadivoy,2015,https://boxd.it/cJD6,3.5
2023-07-11,Kick 2,2015,https://boxd.it/cRqE,1.5
2023-07-11,Cinema Chupista Maava,2015,https://boxd.it/cNEM,3
2023-07-11,Srimanthudu,2015,https://boxd.it/bTA0,2.5
2023-07-11,James Bond,2015,https://boxd.it/cfzI,2
2023-07-11,Maari,2015,https://boxd.it/9ZFw,3
2023-07-11,Bajrangi Bhaijaan,2015,https://boxd.it/bIbo,3.5
2023-07-11,Bāhubali: The Beginning,2015,https://boxd.it/7y2y,3.5
2023-07-11,Ant-Man,2015,https://boxd.it/3vmW,3.5
2023-07-11,Kerintha,2015,https://boxd.it/bHL6,3
2023-07-11,Premam,2015,https://boxd.it/bod0,4
2023-07-11,Massu Engira Maasilamani,2015,https://boxd.it/aM7y,2.5
2023-07-11,Pandaga Chesko,2015,https://boxd.it/byb4,1.5
2023-07-11,Demonte Colony,2015,https://boxd.it/bmNU,3.5
2023-07-11,Dohchay,2015,https://boxd.it/b8GK,3
2023-07-11,Avengers: Age of Ultron,2015,https://boxd.it/3qi6,3
2023-07-11,O Kadhal Kanmani,2015,https://boxd.it/aM7I,4
2023-07-11,Detective Byomkesh Bakshy!,2015,https://boxd.it/anzM,4
2023-07-11,Jil,2015,https://boxd.it/aXmE,3
2023-07-11,Janda Pai Kapiraju,2015,https://boxd.it/7Rri,2
2023-07-11,Surya Vs Surya,2015,https://boxd.it/aXTI,3
2023-07-11,Bandipotu,2015,https://boxd.it/gFPK,2
2023-07-11,Fifty Shades of Grey,2015,https://boxd.it/6qLo,2
2023-07-11,Yennai Arindhaal,2015,https://boxd.it/9zp8,3
2023-07-11,Malli Malli Idhi Rani Roju,2015,https://boxd.it/aDao,3.5
2023-07-11,Pataas,2015,https://boxd.it/aT1C,3
2023-07-11,Gopala Gopala,2015,https://boxd.it/8xUG,3
2023-07-11,Chinnadana Nee Kosam,2014,https://boxd.it/9RNW,2
2023-07-11,Lingaa,2014,https://boxd.it/9xZe,2
2023-07-11,Lakshmi Raave Maa Intiki,2014,https://boxd.it/aS5S,1.5
2023-07-11,Pilla Nuvvu Leni Jeevitham,2014,https://boxd.it/9Gj2,3
2023-07-11,Interstellar: Nolan's Odyssey,2014,https://boxd.it/9BDG,4
2023-07-11,Karthikeya,2014,https://boxd.it/9xug,3.5
2023-07-11,Kaththi,2014,https://boxd.it/7Q9W,3.5
2023-07-11,Dikkulu Choodaku Ramayya,2014,https://boxd.it/9r8y,2
2023-07-11,Brother of Bommali,2014,https://boxd.it/9R72,1.5
2023-07-11,Govindudu Andarivaadele,2014,https://boxd.it/9m0E,2.5
2023-07-11,Gone Girl,2014,https://boxd.it/6hQu,4.5
2023-07-11,Loukyam,2014,https://boxd.it/9lZ2,3
2023-07-13,Dear Zindagi,2016,https://boxd.it/eAiM,3.5
2023-07-13,Other Side of the Box,2018,https://boxd.it/lXsa,4
2023-07-13,Power,2014,https://boxd.it/9aJ8,3
2023-07-13,Nightcrawler,2014,https://boxd.it/780m,4
2023-07-13,Anjaan,2014,https://boxd.it/8uE6,2
2023-07-13,Stand by Me Doraemon,2014,https://boxd.it/7VEK,3
2023-07-13,Geethanjali,2014,https://boxd.it/9Yf8,2.5
2023-07-13,Run Raja Run,2014,https://boxd.it/8OFy,4
2023-07-13,Guardians of the Galaxy,2014,https://boxd.it/3VH2,3.5
2023-07-13,Alludu Seenu,2014,https://boxd.it/ac8q,2.5
2023-07-13,Drushyam,2014,https://boxd.it/8xUQ,4.5
2023-07-13,Oohalu Gusagusalade,2014,https://boxd.it/8Dxo,4
2023-07-13,Jump Jilani,2014,https://boxd.it/eWH0,3
2023-07-13,Manam,2014,https://boxd.it/7rrw,3
2023-07-13,Kotha Janta,2014,https://boxd.it/6HMI,2.5
2023-07-13,Laddu Babu,2014,https://boxd.it/7RUO,2
2023-07-13,The Amazing Spider-Man 2,2014,https://boxd.it/3utM,3
2023-07-13,Race Gurram,2014,https://boxd.it/7N6A,4
2023-07-13,Hrudaya Kaleyam,2014,https://boxd.it/apJE,2.5
2023-07-13,Legend,2014,https://boxd.it/7MS4,2.5
2023-07-13,Captain America: The Winter Soldier,2014,https://boxd.it/3r58,4
2023-07-13,Aaha Kalyanam,2014,https://boxd.it/7nx6,2
2023-07-13,Autonagar Surya,2014,https://boxd.it/7rBw,3.5
2023-07-13,Yevadu,2014,https://boxd.it/6prM,2.5
2023-07-13,Uyyala Jampala,2013,https://boxd.it/7g76,3
2023-07-13,Venkatadri Express,2013,https://boxd.it/77uK,3.5
2023-07-13,Krrish 3,2013,https://boxd.it/68tm,2
2023-07-13,Masala,2013,https://boxd.it/7Rw8,2.5
2023-07-13,Doosukeltha,2013,https://boxd.it/75H8,2
2023-07-13,Her,2013,https://boxd.it/4O24,3.5
2023-07-13,Ramayya Vasthavayya,2013,https://boxd.it/6HMy,2
2023-07-13,Raja Rani,2013,https://boxd.it/6DKS,4
2023-07-13,Atharintiki Daaredi,2013,https://boxd.it/6Dmw,3.5
2023-07-13,Don Jon,2013,https://boxd.it/4sdk,3
2023-07-13,Enemy,2013,https://boxd.it/5xtO,4
2023-07-13,Zanjeer,2013,https://boxd.it/6v1K,2
2023-07-13,Prisoners,2013,https://boxd.it/4E5i,4
2023-07-13,Phineas and Ferb: Mission Marvel,2013,https://boxd.it/8MDq,4
2023-07-13,Chennai Express,2013,https://boxd.it/69tM,3.5
2023-07-13,Kevvu Keka,2013,https://boxd.it/6Fqg,3.5
2023-07-13,Sahasam,2013,https://boxd.it/6eDs,4.5
2023-07-13,Singam 2,2013,https://boxd.it/5N2a,3
2023-07-13,Balupu,2013,https://boxd.it/68jm,3
2023-07-13,Action 3D,2013,https://boxd.it/6DB2,2
2023-07-13,Man of Steel,2013,https://boxd.it/FRk,3.5
2023-07-13,Prema Katha Chitram,2013,https://boxd.it/61QS,3
2023-07-13,Iddarammayilatho,2013,https://boxd.it/5XOo,3
2023-07-13,Now You See Me,2013,https://boxd.it/2Bsu,3.5
2023-07-13,Tadakha,2013,https://boxd.it/68w6,2.5
2023-07-13,Mumbai Police,2013,https://boxd.it/5LJQ,3.5
2023-07-13,The Great Gatsby,2013,https://boxd.it/JY,3.5
2023-07-13,Shadow,2013,https://boxd.it/5xDE,2
2023-07-13,Gunde Jaari Gallanthayyinde,2013,https://boxd.it/5xDu,2.5
2023-07-13,Iron Man 3,2013,https://boxd.it/2cBQ,3
2023-07-13,Gouravam,2013,https://boxd.it/5Dn8,2.5
2023-07-13,Baadshah,2013,https://boxd.it/5xu8,3.5
2023-07-13,Swamy Ra Ra,2013,https://boxd.it/5xtY,3.5
2023-07-13,Jaffa,2013,https://boxd.it/5wcs,3
2023-07-13,Doraemon: Nobita's Secret Gadget Museum,2013,https://boxd.it/6uNS,3.5
2023-07-13,Mr.PelliKoduku,2013,https://boxd.it/6G20,3.5
2023-07-13,Mirchi,2013,https://boxd.it/5pUW,3
2023-07-13,Ongole Githa,2013,https://boxd.it/61hI,2
2023-07-13,Naayak,2013,https://boxd.it/5yZG,2
2023-07-13,Ko Antey Koti,2012,https://boxd.it/eBVA,1.5
2023-07-13,Yamudiki Mogudu,2012,https://boxd.it/5VEc,3
2023-07-13,Sarocharu,2012,https://boxd.it/61bq,2.5
2023-07-13,Django Unchained,2012,https://boxd.it/2cCk,4.5
2023-07-13,Talaash,2012,https://boxd.it/33ae,3.5
2023-07-13,Krishnam Vande Jagadgurum,2012,https://boxd.it/4F7Y,3
2023-07-13,Damarukam,2012,https://boxd.it/4CPI,2.5
2023-07-13,Thuppakki,2012,https://boxd.it/4yY2,4
2023-07-13,Dhenikaina Ready,2012,https://boxd.it/5hHq,2
2023-07-13,Cameraman Ganga Tho Rambabu,2012,https://boxd.it/4sf6,1.5
2023-07-13,Maattrraan,2012,https://boxd.it/4tIe,3.5
2023-07-13,Life of Pi,2012,https://boxd.it/37pC,3
2023-07-13,Rebel,2012,https://boxd.it/4nIM,2
2023-07-13,Avunu,2012,https://boxd.it/5p8e,3
2023-07-13,Life Is Beautiful,2012,https://boxd.it/4Tx2,3
2023-07-13,The Perks of Being a Wallflower,2012,https://boxd.it/2ZA8,4
2023-07-13,Shirdi Sai,2012,https://boxd.it/4rcq,3
2023-07-13,Sudigaadu,2012,https://boxd.it/4TwI,3.5
2023-07-13,Devudu Chesina Manushulu,2012,https://boxd.it/60lu,2
2023-07-13,Andala Rakshasi,2012,https://boxd.it/4R8k,3
2023-07-13,Julayi,2012,https://boxd.it/48eC,4
2023-07-13,The Dark Knight Rises,2012,https://boxd.it/H3m,3.5
2023-07-13,Eega,2012,https://boxd.it/4HhQ,3.5
2023-07-13,Ustad Hotel,2012,https://boxd.it/3UNy,3
2023-07-13,The Amazing Spider-Man,2012,https://boxd.it/27PI,3.5
2023-07-13,Endukante Premanta,2012,https://boxd.it/4Q18,3.5
2023-07-13,Daruvu,2012,https://boxd.it/4OEM,3
2023-07-13,Gabbar Singh,2012,https://boxd.it/3KKu,3
2023-07-13,Dhammu,2012,https://boxd.it/3NJu,2
2023-07-13,The Avengers,2012,https://boxd.it/1xFW,4
2023-07-13,Rachcha,2012,https://boxd.it/40ja,2
2023-07-13,3,2012,https://boxd.it/2M0G,3.5
2023-07-13,Lovely,2012,https://boxd.it/42WS,2
2023-07-13,Nuvva Nena,2012,https://boxd.it/4qck,3
2023-07-13,Ben 10: Destroy All Aliens,2012,https://boxd.it/3lEG,3.5
2023-07-13,Ishq,2012,https://boxd.it/3hQo,3.5
2023-07-13,Poola Rangadu,2012,https://boxd.it/3dUQ,3
2023-07-13,Nippu,2012,https://boxd.it/3xpe,2
2023-07-13,Journey 2: The Mysterious Island,2012,https://boxd.it/2o8m,2.5
2023-07-13,Bodyguard,2012,https://boxd.it/357G,2.5
2023-07-13,Nanban,2012,https://boxd.it/2hYK,3.5
2023-07-13,Businessman,2012,https://boxd.it/2WYm,4.5
2023-07-13,Panjaa,2011,https://boxd.it/2OgG,3.5
2023-07-13,Sri Rama Rajyam,2011,https://boxd.it/3iXK,3
2023-07-13,Oh My Friend,2011,https://boxd.it/3580,2.5
2023-07-13,Mogudu,2011,https://boxd.it/2PKW,2
2023-07-13,7Aum Arivu,2011,https://boxd.it/357Q,4
2023-07-13,Ra.One,2011,https://boxd.it/ZbS,3
2023-07-13,Pilla Zamindar,2011,https://boxd.it/32sw,4.5
2023-07-13,Oosaravelli,2011,https://boxd.it/2N8Q,3.5
2023-07-13,Madatha Kaaja,2011,https://boxd.it/32SY,2
2023-07-13,Engeyum Eppodhum,2011,https://boxd.it/2L7Q,3
2023-07-13,Mankatha,2011,https://boxd.it/2EwE,4
2023-07-13,Money Money More Money,2011,https://boxd.it/4q2a,2
2023-07-13,Kandireega,2011,https://boxd.it/358O,2.5
2023-07-13,Captain America: The First Avenger,2011,https://boxd.it/28b0,3
2023-07-13,Kanchana,2011,https://boxd.it/2ygg,3
2023-07-13,Key,2011,https://boxd.it/hG6o,3.5
2023-07-13,180,2011,https://boxd.it/4C8,2
2023-07-13,Drive,2011,https://boxd.it/IG,4.5
2023-07-13,Veera,2011,https://boxd.it/2uKQ,2
2023-07-13,Seema Tapakai,2011,https://boxd.it/2uKG,3.5
2023-07-13,Pirates of the Caribbean: On Stranger Tides,2011,https://boxd.it/27Z4,2.5
2023-07-13,100% Love,2011,https://boxd.it/8Zg,3.5
2023-07-13,Ko,2011,https://boxd.it/6p6,3.5
2023-07-13,Thor,2011,https://boxd.it/1WQU,2.5
2023-07-13,Mr. Perfect,2011,https://boxd.it/8ZA,3
2023-07-13,Aha Naa Pellanta,2011,https://boxd.it/2eDE,3
2023-07-13,Prema Kavali,2011,https://boxd.it/3prG,3
2023-07-13,Katha Screenplay Darsakatvam Appalaraju,2011,https://boxd.it/2Uno,3
2023-07-13,Gaganam,2011,https://boxd.it/hkw,3.5
2023-07-13,Vastadu Naa Raju,2011,https://boxd.it/2Mkc,2.5
2023-07-13,Wanted,2011,https://boxd.it/84He,3
2023-07-13,Ala Modalaindi,2011,https://boxd.it/nHG,3.5
2023-07-13,Golconda High School,2011,https://boxd.it/2fcO,3
2023-07-13,Mirapakay,2011,https://boxd.it/lZS,3
2023-07-13,Nagavalli,2010,https://boxd.it/2UZs,2
2023-07-13,Kathi Kanta Rao,2010,https://boxd.it/2H8q,3
2023-07-13,Rakht Charitra 2,2010,https://boxd.it/2j8w,4
2023-07-13,Orange,2010,https://boxd.it/m0c,3.5
2023-07-13,Love & Other Drugs,2010,https://boxd.it/UIi,4
2023-07-13,Rakht Charitra,2010,https://boxd.it/H32,3.5
2023-07-13,Brindavanam,2010,https://boxd.it/nLo,3
2023-07-13,Manasara...,2010,https://boxd.it/g422,2
2023-07-13,Khaleja,2010,https://boxd.it/nKK,4.5
2023-07-13,Enthiran,2010,https://boxd.it/4Hgo,4
2023-07-13,Bheemili Kabaddi Jattu,2010,https://boxd.it/61he,3
2023-07-13,Jhummandi Naadam,2010,https://boxd.it/3U2W,2
2023-07-13,Toy Story 3,2010,https://boxd.it/1WRe,4
2023-07-13,Vedam,2010,https://boxd.it/3myk,3
2023-07-13,Singam,2010,https://boxd.it/axI,3
2023-07-13,Andari Bandhuvaya,2010,https://boxd.it/2P1C,3
2023-07-13,Rama Rama Krishna Krishna,2010,https://boxd.it/858,2.5
2023-07-13,Simha,2010,https://boxd.it/umA,2
2023-07-13,Iron Man 2,2010,https://boxd.it/1WZM,2.5
2023-07-13,Darling,2010,https://boxd.it/8TM,3.5
2023-07-13,Prasthanam,2010,https://boxd.it/yM8,4
2023-07-13,Ye Maaya Chesave,2010,https://boxd.it/8Rw,4
2023-07-13,Leader,2010,https://boxd.it/sc4,3.5
2023-07-13,Shutter Island,2010,https://boxd.it/1U82,5
2023-07-13,Kedi,2010,https://boxd.it/ZC0,2.5
2023-07-13,My Name Is Khan,2010,https://boxd.it/1uD4,3.5
2023-07-13,Buried,2010,https://boxd.it/1tXC,3
2023-07-13,Aayirathil Oruvan,2010,https://boxd.it/2hP4,3
2023-07-13,Namo Venkatesa,2010,https://boxd.it/3iPc,3
2023-07-13,Shambo Shiva Shambo,2010,https://boxd.it/9SrM,3.5
2023-07-13,Adhurs,2010,https://boxd.it/15sq,3
2023-07-13,3 Idiots,2009,https://boxd.it/1Dsa,3.5
2023-07-13,Avatar,2009,https://boxd.it/1Efm,4
2023-07-13,Amaravathi,2009,https://boxd.it/pw10,2.5
2023-07-13,Aarya 2,2009,https://boxd.it/1djG,3.5
2023-07-13,Villagelo Vinayakudu,2009,https://boxd.it/8H5I,3
2023-07-13,Ek Niranjan,2009,https://boxd.it/16uM,2.5
2023-07-13,Bendu Apparao R.M.P,2009,https://boxd.it/3TxY,3
2023-07-13,Mahatma,2009,https://boxd.it/4pT8,3
2023-07-13,Zombieland,2009,https://boxd.it/1En6,3.5
2023-07-13,Ganesh,2009,https://boxd.it/2PDw,2.5
2023-07-13,Eenadu,2009,https://boxd.it/AUKU,3
2023-07-15,Anbe Sivam,2003,https://boxd.it/1sU8,4
2023-07-15,KM 9,2022,https://boxd.it/HejG,3
2023-07-16,Kaanekkaane,2021,https://boxd.it/wKiI,3
2023-07-16,Master,1997,https://boxd.it/8wUA,3
2023-07-16,12 Angry Men,1957,https://boxd.it/2auI,5
2023-07-16,Oldboy,2013,https://boxd.it/35AS,3
2023-07-16,Avane Srimannarayana,2019,https://boxd.it/nv4y,2.5
2023-07-17,Wake Up Sid,2009,https://boxd.it/1C8e,3.5
2023-07-18,Iratta,2023,https://boxd.it/zELA,3
2023-07-18,Ready or Not,2019,https://boxd.it/kOf0,3.5
2023-07-19,Back to the Future,1985,https://boxd.it/2b8e,5
2023-07-19,Back to the Future Part II,1989,https://boxd.it/2aYI,4
2023-07-20,Ajab Prem Ki Ghazab Kahani,2009,https://boxd.it/1wUm,3
2023-07-20,Back to the Future Part III,1990,https://boxd.it/2aTS,3.5
2023-07-20,The Usual Suspects,1995,https://boxd.it/29XE,5
2023-07-20,Scott Pilgrim vs. the World,2010,https://boxd.it/1Aq6,3
2023-07-20,It Chapter Two,2019,https://boxd.it/h10u,3
2023-07-22,Mission: Impossible,1996,https://boxd.it/29d2,3
2023-07-23,Eeram,2009,https://boxd.it/7XS,3
2023-07-23,Shankam,2009,https://boxd.it/1yMO,3
2023-07-23,Josh,2009,https://boxd.it/2tEs,3.5
2023-07-23,Anjaneyulu,2009,https://boxd.it/1yMu,3
2023-07-23,Snehituda,2009,https://boxd.it/3Gqq,2.5
2023-07-23,Magadheera,2009,https://boxd.it/1yMa,4
2023-07-23,Raju Maharaju,2009,https://boxd.it/9SqE,2.5
2023-07-23,Ride,2009,https://boxd.it/asFq,2.5
2023-07-23,Inglourious Basterds,2009,https://boxd.it/1JzG,4
2023-07-23,Kick,2009,https://boxd.it/f8y,4
2023-07-23,Ayan,2009,https://boxd.it/1E94,4
2023-07-23,Billa,2009,https://boxd.it/1yOA,2.5
2023-07-23,Drona,2009,https://boxd.it/6Hrg,2
2023-07-23,Konchem Ishtam Konchem Kashtam,2009,https://boxd.it/32tO,3.5
2023-07-23,Arundhati,2009,https://boxd.it/1iFW,3.5
2023-07-23,Maska,2009,https://boxd.it/2PJO,3
2023-07-23,Fitting Master,2009,https://boxd.it/2RWA,2.5
2023-07-23,Sasirekha Parinayam,2009,https://boxd.it/17rO,3.5
2023-07-23,King,2008,https://boxd.it/2pKm,3.5
2023-07-23,Abhiyum Naanum,2008,https://boxd.it/11l6,4
2023-07-23,Neninthe,2008,https://boxd.it/4qcO,3.5
2023-07-23,Dongala Bandi,2008,https://boxd.it/9Rti,3.5
2023-07-23,Rab Ne Bana Di Jodi,2008,https://boxd.it/1OOG,3
2023-07-23,Blade Babji,2008,https://boxd.it/2Poc,3.5
2023-07-23,Vinayakudu,2008,https://boxd.it/2S7e,2.5
2023-07-23,Vaaranam Aayiram,2008,https://boxd.it/15yo,4.5
2023-07-23,Chintakayala Ravi,2008,https://boxd.it/1B7O,3
2023-07-23,Ashta Chamma,2008,https://boxd.it/2PeQ,3.5
2023-07-23,Baladur,2008,https://boxd.it/3QgK,2.5
2023-07-23,Kuselan,2008,https://boxd.it/1S8k,3
2023-07-23,Ullasanga Utsahanga,2008,https://boxd.it/2TOe,3.5
2023-07-23,Hare Ram,2008,https://boxd.it/2PBK,2
2023-07-23,The Dark Knight,2008,https://boxd.it/2b0k,4.5
2023-07-23,Ready,2008,https://boxd.it/2vrq,3.5
2023-07-23,Souryam,2008,https://boxd.it/2mCk,3
2023-07-23,Bujjigaadu: Made in Chennai,2008,https://boxd.it/3Tvy,3
2023-07-23,Kantri,2008,https://boxd.it/2PB6,2
2023-07-23,Parugu,2008,https://boxd.it/1yNs,3
2023-07-23,Iron Man,2008,https://boxd.it/28dA,3
2023-07-23,Bommana Brothers Chandana Sisters,2008,https://boxd.it/3TxE,2
2023-07-23,Bhale Dongalu,2008,https://boxd.it/3NWe,3
2023-07-23,Kalidasu,2008,https://boxd.it/jjTG,2
2023-07-23,Jalsa,2008,https://boxd.it/2vs4,3.5
2023-07-23,Gamyam,2008,https://boxd.it/2Pq8,3.5
2023-07-23,Ontari,2008,https://boxd.it/4qbm,3
2023-07-23,Vaana,2008,https://boxd.it/8GY8,2.5
2023-07-23,Krishna,2008,https://boxd.it/2Pno,3
2023-07-23,Like Stars on Earth,2007,https://boxd.it/20SA,4
2023-07-23,Don,2007,https://boxd.it/1Vc,2.5
2023-07-23,Oppenheimer,2023,https://boxd.it/wUow,4.5
2023-07-24,Barbie,2023,https://boxd.it/bCLK,3
2023-07-24,Fall,2022,https://boxd.it/Bf6G,3
2023-07-24,Mayabazar,1957,https://boxd.it/4XfG,4
2023-07-24,The Godfather,1972,https://boxd.it/2aNK,4
2023-07-24,Taxi Driver,1976,https://boxd.it/2b8y,3.5
2023-07-24,The Blue Lagoon,1980,https://boxd.it/22KS,2
2023-07-24,Raiders of the Lost Ark,1981,https://boxd.it/2bbs,4
2023-07-24,Indiana Jones and the Temple of Doom,1984,https://boxd.it/2bb8,4
2023-07-24,Doraemon: Nobita's Little Star Wars,1985,https://boxd.it/52HU,3
2023-07-24,Veta,1986,https://boxd.it/8xAQ,3.5
2023-07-24,Chantabbai,1986,https://boxd.it/8xAm,3.5
2023-07-24,Padamati Sandhya Ragam,1987,https://boxd.it/e8FS,3
2023-07-24,Pasivadi Pranam,1987,https://boxd.it/8xze,3.5
2023-07-24,Swayamkrushi,1987,https://boxd.it/8xA2,3.5
2023-07-24,Yamudiki Mogudu,1988,https://boxd.it/8wYi,3
2023-07-24,Indiana Jones and the Last Crusade,1989,https://boxd.it/2baO,3.5
2023-07-24,Koduku Diddina Kapuram,1989,https://boxd.it/Bkvw,3
2023-07-24,Siva,1989,https://boxd.it/bYhW,4
2023-07-24,Shiva,1990,https://boxd.it/3FX4,4
2023-07-24,Doraemon: Nobita's Dorabian Nights,1991,https://boxd.it/5HFA,3
2023-07-24,Gang Leader,1991,https://boxd.it/2Jko,3
2023-07-24,Aditya 369,1991,https://boxd.it/8ChY,4
2023-07-24,Kshana Kshanam,1991,https://boxd.it/2PzY,4
2023-07-24,Chanti,1992,https://boxd.it/8y0O,3
2023-07-24,Doraemon: Nobita and the Kingdom of Clouds,1992,https://boxd.it/4l4A,3
2023-07-24,Sundara Kanda,1992,https://boxd.it/8y0u,3
2023-07-24,Rajendrudu Gajendrudu,1993,https://boxd.it/kdNY,3
2023-07-24,Money,1993,https://boxd.it/4iwm,3.5
2023-07-24,Mugguru Monagallu,1994,https://boxd.it/8wVy,3
2023-07-24,Doraemon: Nobita's Three Visionary Swordsmen,1994,https://boxd.it/52H6,3
2023-07-24,Hello Brother,1994,https://boxd.it/hV22,3
2023-07-24,Forrest Gump,1994,https://boxd.it/728,3.5
2023-07-24,Pedarayudu,1995,https://boxd.it/2JNK,3
2023-07-24,Sisindri,1995,https://boxd.it/9RC0,3
2023-07-24,Se7en,1995,https://boxd.it/29zs,4
2023-07-24,Toy Story,1995,https://boxd.it/29qA,4
2023-07-24,Jumanji,1995,https://boxd.it/1ZLI,4
2023-07-24,Doraemon: Nobita and the Galaxy Super-express,1996,https://boxd.it/3B2y,3
2023-07-24,Intlo Illalu Vantintlo Priyuralu,1996,https://boxd.it/8xYS,3.5
2023-07-24,Pavithra Bandham,1996,https://boxd.it/8xYI,3
2023-07-24,Anaganaga Oka Roju,1997,https://boxd.it/14X8,3.5
2023-07-24,Boogie Nights,1997,https://boxd.it/23um,3
2023-07-24,Titanic,1997,https://boxd.it/2a2k,4.5
2023-07-24,Aavida Maa Aavide,1998,https://boxd.it/3PTG,3
2023-07-24,Surya Vamsham,1998,https://boxd.it/8xY4,3.5
2023-07-24,The Truman Show,1998,https://boxd.it/18U8,4.5
2023-07-24,Ganesh,1998,https://boxd.it/1yN8,3
2023-07-24,Choodalani Vundi,1998,https://boxd.it/7Z6s,3
2023-07-24,Sneham Kosam,1999,https://boxd.it/i31G,3
2023-07-24,Raja,1999,https://boxd.it/80OK,3.5
2023-07-24,The Matrix,1999,https://boxd.it/2a1m,3.5
2023-07-24,Rajakumarudu,1999,https://boxd.it/8FQs,3
2023-07-24,Thammudu,1999,https://boxd.it/60VW,3.5
2023-07-24,Seenu,1999,https://boxd.it/8xXK,3
2023-07-24,Annayya,2000,https://boxd.it/742y,3
2023-07-24,Kalisundam Raa,2000,https://boxd.it/2PBg,3
2023-07-24,Nuvvu Vastavani,2000,https://boxd.it/4qca,3
2023-07-24,Yuvaraju,2000,https://boxd.it/6Q7E,3
2023-07-24,Memento,2000,https://boxd.it/2bcK,4
2023-07-24,Ninne Premistha,2000,https://boxd.it/9Rxa,3
2023-07-24,Vamsi,2000,https://boxd.it/8GYW,3
2023-07-24,Jayam Manadera,2000,https://boxd.it/3U3A,2.5
2023-07-24,Nuvve Kavali,2000,https://boxd.it/2SBo,3.5
2023-07-24,Devullu,2000,https://boxd.it/9Ria,3
2023-07-24,Mrugaraju,2001,https://boxd.it/4q12,2.5
2023-07-24,Devi Putrudu,2001,https://boxd.it/8xX6,3.5
2023-07-24,Donnie Darko,2001,https://boxd.it/2b2A,4.5
2023-07-24,Khushi,2001,https://boxd.it/2PAi,4
2023-07-24,Ammo Bomma,2001,https://boxd.it/zgby,4
2023-07-24,Nuvvu Nenu,2001,https://boxd.it/9RxE,3.5
2023-07-24,Nuvvu Naaku Nachav,2001,https://boxd.it/2SGe,4.5
2023-07-24,Itlu Sravani Subramanyam,2001,https://boxd.it/9Rmw,3
2023-07-24,Student No. 1,2001,https://boxd.it/2TCW,2.5
2023-07-24,Manasantha Nuvve,2001,https://boxd.it/2Fdo,3
2023-07-24,Snehamante Idera,2001,https://boxd.it/9GKs,2.5
2023-07-24,"Monsters, Inc.",2001,https://boxd.it/2a46,3.5
2023-07-24,Harry Potter and the Philosopher's Stone,2001,https://boxd.it/29QS,4
2023-07-24,Hanuman Junction,2001,https://boxd.it/80s,3
2023-07-24,Takkari Donga,2002,https://boxd.it/2TNU,3.5
2023-07-24,40 Days and 40 Nights,2002,https://boxd.it/26no,2.5
2023-07-24,Aadi,2002,https://boxd.it/2NSk,3
2023-07-24,Vasu,2002,https://boxd.it/2TOy,3.5
2023-07-24,Spider-Man,2002,https://boxd.it/2a8i,4
2023-07-24,Santosham,2002,https://boxd.it/uCe,3
2023-07-24,Jayam,2002,https://boxd.it/6Hqi,3
2023-07-24,Indra,2002,https://boxd.it/1uVW,3.5
2023-07-24,Idiot,2002,https://boxd.it/cRqa,3.5
2023-07-24,Sontham,2002,https://boxd.it/2TCC,4
2023-07-24,Nuvve... Nuvve...,2002,https://boxd.it/2SEC,4
2023-07-24,Bobby,2002,https://boxd.it/bpQs,2
2023-07-24,Eeshwar,2002,https://boxd.it/3Tp6,3
2023-07-24,Khadgam,2002,https://boxd.it/2PAC,3
2023-07-24,Thotti Gang,2002,https://boxd.it/6JMg,2.5
2023-07-24,Catch Me If You Can,2002,https://boxd.it/29VS,4
2023-07-24,Manmadhudu,2002,https://boxd.it/2PKs,4
2023-07-24,Ela Cheppanu,2003,https://boxd.it/3ToW,3
2023-07-24,Gangotri,2003,https://boxd.it/3TnY,2.5
2023-07-24,Raghavendra,2003,https://boxd.it/64eM,2.5
2023-07-24,Dil,2003,https://boxd.it/2PpO,3
2023-07-24,Amma Nanna O Tamila Ammayi,2003,https://boxd.it/1jik,3
2023-07-24,Finding Nemo,2003,https://boxd.it/72i,3.5
2023-07-24,Pirates of the Caribbean: The Curse of the Black Pearl,2003,https://boxd.it/70G,3.5
2023-07-24,Simhadri,2003,https://boxd.it/2OWi,3
2023-07-24,Tagore,2003,https://boxd.it/3mya,3
2023-07-24,Varsham,2004,https://boxd.it/2SQI,3
2023-07-24,The Girl Next Door,2004,https://boxd.it/1VSq,3
2023-07-24,Malliswari,2004,https://boxd.it/2PKC,4
2023-07-24,Venky,2004,https://boxd.it/2mGG,4.5
2023-07-24,Anji,2004,https://boxd.it/3PYG,3.5
2023-07-24,Nenu,2004,https://boxd.it/wMTQ,3
2023-07-24,Aarya,2004,https://boxd.it/2Pgi,3.5
2023-07-24,Naani,2004,https://boxd.it/8H7k,2
2023-07-24,Adavi Ramudu,2004,https://boxd.it/6Jt4,1.5
2023-07-24,Spider-Man 2,2004,https://boxd.it/2a88,5
2023-07-24,Yagnam,2004,https://boxd.it/2SSE,3
2023-07-24,Sri Anjaneyam,2004,https://boxd.it/80W,3
2023-07-24,Naa Autograph,2004,https://boxd.it/9Rvo,4
2023-07-24,Gudumba Shankar,2004,https://boxd.it/3TnO,3
2023-07-24,Sye,2004,https://boxd.it/36Ka,3.5
2023-07-24,Shankar Dada MBBS,2004,https://boxd.it/4Iam,3
2023-07-24,Mass,2004,https://boxd.it/2PJE,2.5
2023-07-24,Balu,2005,https://boxd.it/3QgA,2
2023-07-24,Nuvvostanante Nenoddantana,2005,https://boxd.it/2zyq,4
2023-07-24,Tom and Jerry Blast Off to Mars!,2005,https://boxd.it/1CrA,4
2023-07-24,Evadi Gola Vadide,2005,https://boxd.it/9ug6,3
2023-07-24,Sankranthi,2005,https://boxd.it/8xW8,3
2023-07-24,Chakram,2005,https://boxd.it/4iyM,2
2023-07-24,Bunny,2005,https://boxd.it/2WRK,2.5
2023-07-24,Chandramukhi,2005,https://boxd.it/xjE,3.5
2023-07-24,Batman Begins,2005,https://boxd.it/2aIg,3.5
2023-07-24,Andarivaadu,2005,https://boxd.it/3PYQ,3
2023-07-24,Super,2005,https://boxd.it/4Ifc,2
2023-07-24,Athadu,2005,https://boxd.it/18T0,5
2023-07-24,Andhrudu,2005,https://boxd.it/2P18,3
2023-07-24,Chatrapathi,2005,https://boxd.it/2KOa,4
2023-07-24,Bhageeratha,2005,https://boxd.it/6GhY,2.5
2023-07-24,Tom and Jerry: The Fast and the Furry,2005,https://boxd.it/Xns,4
2023-07-24,Ghajini,2005,https://boxd.it/2hIM,4
2023-07-24,Jai Chiranjeeva,2005,https://boxd.it/3U3U,3
2023-07-24,Style,2006,https://boxd.it/6EBM,2.5
2023-07-24,Lakshmi,2006,https://boxd.it/2F3I,2.5
2023-07-24,Happy,2006,https://boxd.it/2PBU,3
2023-07-24,Shock,2006,https://boxd.it/8GW2,2
2023-07-24,Ranam,2006,https://boxd.it/2P9w,3.5
2023-07-24,Doraemon: Nobita's Dinosaur,2006,https://boxd.it/2svO,3
2023-07-24,Cars,2006,https://boxd.it/29ho,4
2023-07-24,Pournami,2006,https://boxd.it/6Gii,2.5
2023-07-24,Bangaram,2006,https://boxd.it/60W6,2
2023-07-24,Kithakithalu,2006,https://boxd.it/a0Ro,3
2023-07-24,Krrish,2006,https://boxd.it/1gCw,3
2023-07-24,Vikramarkudu,2006,https://boxd.it/10Ec,3.5
2023-07-24,Pirates of the Caribbean: Dead Man's Chest,2006,https://boxd.it/2bfk,3
2023-07-24,Ashok,2006,https://boxd.it/2P6C,2
2023-07-24,Amma Cheppindi,2006,https://boxd.it/jiJg,2.5
2023-07-24,Bommarillu,2006,https://boxd.it/1iG6,3.5
2023-07-24,Andala Ramudu,2006,https://boxd.it/2P4m,3
2023-07-24,Boss,2006,https://boxd.it/2OWs,2
2023-07-24,The Prestige,2006,https://boxd.it/293w,4
2023-07-24,E,2006,https://boxd.it/vvI,2.5
2023-07-24,Khatarnak,2006,https://boxd.it/bI3k,2
2023-07-24,Rakhi,2006,https://boxd.it/2PoQ,3
2023-07-24,Annavaram,2006,https://boxd.it/60Wg,2.5
2023-07-24,Desamuduru,2007,https://boxd.it/3Tsu,3
2023-07-24,Yogi,2007,https://boxd.it/6JsK,2.5
2023-07-24,Lakshmi Kalyanam,2007,https://boxd.it/3UOc,2
2023-07-24,Zodiac,2007,https://boxd.it/27MO,3
2023-07-24,Okkadunnadu,2007,https://boxd.it/4qbw,4
2023-07-24,Jagadam,2007,https://boxd.it/2PBA,3
2023-07-24,Dhee,2007,https://boxd.it/15zQ,3.5
2023-07-24,Spider-Man 3,2007,https://boxd.it/2a7Y,3
2023-07-24,Aadavari Matalaku Ardhalu Verule,2007,https://boxd.it/2P2K,4
2023-07-24,Munna,2007,https://boxd.it/5ZMY,2.5
2023-07-24,Aata,2007,https://boxd.it/6SM,2
2023-07-24,Pirates of the Caribbean: At World's End,2007,https://boxd.it/2aGu,3
2023-07-24,Athili Sathibabu LKG,2007,https://boxd.it/61hy,2.5
2023-07-24,Dubai Seenu,2007,https://boxd.it/2Piy,4
2023-07-24,Sivaji: The Boss,2007,https://boxd.it/1yq4,4
2023-07-24,Harry Potter and the Order of the Phoenix,2007,https://boxd.it/29Qe,3.5
2023-07-24,Shankar Dada Zindabad,2007,https://boxd.it/60g,2.5
2023-07-24,Ben 10: Secret of the Omnitrix,2007,https://boxd.it/1Miy,3.5
2023-07-24,Yamadonga,2007,https://boxd.it/2FcU,3
2023-07-24,Chandamama,2007,https://boxd.it/2Pi4,3.5
2023-07-24,Happy Days,2007,https://boxd.it/5ZVc,3
2023-07-24,Chirutha,2007,https://boxd.it/2YwO,2.5
2023-07-24,Tulasi,2007,https://boxd.it/2SQo,2
2023-07-24,No Smoking,2007,https://boxd.it/1b5W,3
2023-07-24,Seema Sastri,2007,https://boxd.it/2SSk,2.5
2023-07-25,Zindagi Na Milegi Dobara,2011,https://boxd.it/efo,4
2023-07-25,Inception,2010,https://boxd.it/1skk,4.5
2023-07-27,Mission: Impossible II,2000,https://boxd.it/29cS,2
2023-07-27,Silver Linings Playbook,2012,https://boxd.it/2TTo,4
2023-07-27,Gifted,2017,https://boxd.it/e5dG,3.5
2023-07-28,Bhoot and Friends,2010,https://boxd.it/dSBg,3
2023-07-28,Samajavaragamana,2023,https://boxd.it/D0xG,3
2023-07-28,I Miss You,2023,https://boxd.it/G0I6,4
2023-07-28,Sardar,2022,https://boxd.it/wpuI,3
2023-07-29,2001: A Space Odyssey,1968,https://boxd.it/2bf0,4
2023-07-30,Raksha,2008,https://boxd.it/gpg0,3
2023-07-31,Memories of Murder,2003,https://boxd.it/1TSo,4
2023-07-31,Bareilly Ki Barfi,2017,https://boxd.it/gJbY,3.5
2023-07-31,Mission: Impossible III,2006,https://boxd.it/29cI,3.5
2023-08-01,Mission: Impossible – Ghost Protocol,2011,https://boxd.it/psI,4
2023-08-02,Maamannan,2023,https://boxd.it/yaLS,3
2023-08-03,The Thing,1982,https://boxd.it/294O,4.5
2023-08-04,Coherence,2013,https://boxd.it/6xza,4
2023-08-04,Anand,2004,https://boxd.it/4Spc,3
2023-08-04,Prayanam,2009,https://boxd.it/2RNy,3
2023-08-04,Nenu Meeku Telusa...?,2008,https://boxd.it/2SBS,3
2023-08-04,Yavarum Nalam,2009,https://boxd.it/1Ekm,4.5
2023-08-04,Deyyam,1996,https://boxd.it/epnQ,3
2023-08-04,Siddu from Srikakulam,2008,https://boxd.it/2TDg,3
2023-08-04,Maayajaalam,2006,https://boxd.it/hwqS,3
2023-08-04,A Film by Aravind,2005,https://boxd.it/2Pne,4
2023-08-04,Dhairyam,2005,https://boxd.it/7Dyu,3
2023-08-04,Aa Naluguru,2004,https://boxd.it/1yAe,3
2023-08-04,Ninne Ishtapaddanu,2003,https://boxd.it/etaG,2.5
2023-08-04,Family Circus,2001,https://boxd.it/kcU0,3
2023-08-04,Gundamma Katha,1962,https://boxd.it/33lm,4
2023-08-04,Aa Okkati Adakku,1992,https://boxd.it/13B6,3
2023-08-04,Mister Pellam,1993,https://boxd.it/2F3e,4.5
2023-08-06,Babylon,2022,https://boxd.it/mM02,4.5
2023-08-06,Sarkar,2018,https://boxd.it/idhO,2.5
2023-08-06,Birdman or (The Unexpected Virtue of Ignorance),2014,https://boxd.it/5RFA,4.5
2023-08-06,Seethamma Andalu Ramayya Sitralu,2016,https://boxd.it/e4Pk,2.5
2023-08-06,Tripura,2015,https://boxd.it/dh7e,2.5
2023-08-06,Lovers,2014,https://boxd.it/9r8S,2
2023-08-06,Potugadu,2013,https://boxd.it/75c0,2
2023-08-06,Kotha Bangaru Lokam,2008,https://boxd.it/2S6U,3.5
2023-08-08,Spider-Man: Across the Spider-Verse,2023,https://boxd.it/kSz4,3.5
2023-08-11,No Hard Feelings,2023,https://boxd.it/xouu,3
2023-08-11,"Crazy, Stupid, Love.",2011,https://boxd.it/D9A,3
2023-08-12,Temper,2015,https://boxd.it/aC9a,4
2023-08-13,Por Thozhil,2023,https://boxd.it/GbJE,3.5
2023-08-13,The Social Network,2010,https://boxd.it/17ue,3.5
2023-08-14,Tughlaq Durbar,2021,https://boxd.it/mYeK,2
2023-08-16,Challenge,1984,https://boxd.it/8xDq,4
2023-08-16,The Edge of Seventeen,2016,https://boxd.it/d5nu,4.5
2023-08-16,Boyhood,2014,https://boxd.it/3178,3.5
2023-08-18,American Beauty,1999,https://boxd.it/71Y,3.5
2023-08-18,The Wolf of Wall Street,2013,https://boxd.it/3C1m,4.5
2023-08-20,Superbad,2007,https://boxd.it/20hO,4
2023-08-21,The Polar Express,2004,https://boxd.it/23am,2.5
2023-08-21,Veerappan,2016,https://boxd.it/e04Y,3.5
2023-08-23,L.A. Confidential,1997,https://boxd.it/27oC,4
2023-08-23,Before Sunrise,1995,https://boxd.it/2bcU,4.5
2023-08-25,Adipurush,2023,https://boxd.it/rxX4,2.5
2023-08-25,Virupaksha,2023,https://boxd.it/D8xk,4
2023-08-25,Collateral,2004,https://boxd.it/28F0,4
2023-08-25,Baby,2023,https://boxd.it/xNTu,2.5
2023-08-25,Before Sunset,2004,https://boxd.it/2bcg,4.5
2023-08-27,Snowden,2016,https://boxd.it/9CWO,3
2023-09-03,Little Miss Sunshine,2006,https://boxd.it/29EW,4
2023-09-04,FIR,2022,https://boxd.it/oQ3S,3
2023-09-10,Jawan,2023,https://boxd.it/wVDs,3
2023-09-10,Miss. Shetty Mr. Polishetty,2023,https://boxd.it/DyTQ,3
2023-09-11,Ae Dil Hai Mushkil,2016,https://boxd.it/dKWg,2
2023-09-11,Jailer,2023,https://boxd.it/zkA8,3
2023-09-15,Normal People,2020,https://boxd.it/q2VY,5
2023-09-18,Schindler's List,1993,https://boxd.it/2aq2,5
2023-09-19,The Nun II,2023,https://boxd.it/AyRY,2
2023-09-21,PK,2014,https://boxd.it/9q1G,4
2023-09-24,Aadai,2019,https://boxd.it/kfza,2.5
2023-09-25,Bedurulanka 2012,2023,https://boxd.it/DVSG,3
2023-10-05,Adiyae!,2023,https://boxd.it/GjS0,3
2023-10-06,Sapta Sagaradaache Ello – Side A,2023,https://boxd.it/IhOY,3
2023-10-06,Cast Away,2000,https://boxd.it/20i8,4
2023-10-06,The Terminal,2004,https://boxd.it/2a2O,4
2023-10-07,The Wonderful Story of Henry Sugar,2023,https://boxd.it/yNyo,4
2023-10-07,Poison,2023,https://boxd.it/Is7Q,4
2023-10-07,Stalled,2022,https://boxd.it/D3na,3.5
2023-10-08,Jurassic Park,1993,https://boxd.it/2aA2,4.5
2023-10-08,Ghostbusters,1984,https://boxd.it/g2w,3.5
2023-10-09,Ted,2012,https://boxd.it/2pgc,2.5
2023-10-09,Uncut Gems,2019,https://boxd.it/gXGc,4.5
2023-10-10,Requiem for a Dream,2000,https://boxd.it/29VI,5
2023-10-10,Children of Men,2006,https://boxd.it/1Y2i,4
2023-10-11,OMG 2,2023,https://boxd.it/xz6S,3.5
2023-10-12,The Revenant,2015,https://boxd.it/8H5e,4
2023-10-12,Hacksaw Ridge,2016,https://boxd.it/azew,5
2023-10-12,Justice League,2017,https://boxd.it/4w68,2.5
2023-10-13,Being John Malkovich,1999,https://boxd.it/2ahu,4.5
2023-10-13,Squid Game,2021,https://boxd.it/x1OG,3.5
2023-10-13,Room,2015,https://boxd.it/7T0y,4
2023-10-15,The Hateful Eight,2015,https://boxd.it/8gw8,4.5
2023-10-15,Arunachalam,1997,https://boxd.it/8IE,3.5
2023-10-16,Defending Jacob,2020,https://boxd.it/q2VE,4
2023-10-16,Nocturnal Animals,2016,https://boxd.it/bkFu,4.5
2023-10-19,Apocalypto,2006,https://boxd.it/28yy,4
2023-10-20,Leo,2023,https://boxd.it/zOWS,3
2023-10-20,Karthik Calling Karthik,2010,https://boxd.it/1djw,4
2023-10-20,Oy!,2009,https://boxd.it/35lo,4
2023-10-21,Bullet Train,2022,https://boxd.it/qW26,3.5
2023-10-23,Mad Max: Fury Road,2015,https://boxd.it/2DjO,4.5
2023-10-25,Abbaigaru,1993,https://boxd.it/8y0k,3.5
2023-10-25,Thappad,2020,https://boxd.it/oTrS,3.5
2023-10-25,Jojo Rabbit,2019,https://boxd.it/iEBG,4
2023-10-27,Before Midnight,2013,https://boxd.it/4ive,4
2023-10-30,Begin Again,2013,https://boxd.it/5Ybs,4.5
2023-10-30,Jagame Thandhiram,2021,https://boxd.it/op5C,2
2023-10-30,Shakti,2011,https://boxd.it/904,2
2023-10-30,Nibunan,2017,https://boxd.it/evAG,2
2023-10-30,Saakshyam,2018,https://boxd.it/ihFA,2
2023-10-30,Paandavulu Paandavulu Thummeda,2014,https://boxd.it/7qdo,2
2023-10-30,Sankarabharanam,2015,https://boxd.it/eh4Q,1.5
2023-10-30,Speedunnodu,2016,https://boxd.it/g1OM,1.5
2023-10-30,Bhai,2013,https://boxd.it/75Hs,1.5
2023-10-30,Mama Manchu Alludu Kanchu,2015,https://boxd.it/e7CI,2
2023-10-30,Naa Nuvve,2018,https://boxd.it/jh3y,2
2023-10-30,Black Widow,2021,https://boxd.it/hWV8,2
2023-10-30,NGK,2019,https://boxd.it/jo2W,2
2023-10-30,Brahmotsavam,2016,https://boxd.it/cSOM,2
2023-10-30,Nishabdham,2020,https://boxd.it/o68C,2
2023-10-30,Katamarayudu,2017,https://boxd.it/fFzq,2
2023-10-30,Rabhasa,2014,https://boxd.it/9QGK,2
2023-10-30,Bengal Tiger,2015,https://boxd.it/cFW4,2
2023-10-30,Diya,2018,https://boxd.it/gv7I,2
2023-10-30,Touch Chesi Chudu,2018,https://boxd.it/girq,1.5
2023-10-30,Jai Simha,2018,https://boxd.it/hQzU,2
2023-10-30,Mister,2017,https://boxd.it/gusK,2
2023-10-30,Chanakya,2019,https://boxd.it/msqE,2.5
2023-10-30,Naa Alludu,2005,https://boxd.it/2Sr4,2
2023-10-30,Yuddham Sharanam,2017,https://boxd.it/h3s6,1.5
2023-10-30,Greeku Veerudu,2013,https://boxd.it/5xDk,1.5
2023-10-30,Lion,2015,https://boxd.it/bHKM,1.5
2023-10-30,Inttelligent,2018,https://boxd.it/i4aY,2
2023-10-30,Entha Manchivaadavuraa,2020,https://boxd.it/nsSA,1.5
2023-10-30,Guna 369,2019,https://boxd.it/amt4,1.5
2023-10-30,Lakshmi's NTR,2019,https://boxd.it/lKxc,2
2023-10-30,Nakshatram,2017,https://boxd.it/guVC,1.5
2023-10-30,Intlo Deyyam Nakem Bhayam,2016,https://boxd.it/fopo,1.5
2023-10-30,Allari Ramudu,2002,https://boxd.it/9R5g,1.5
2023-10-30,Kalyan Ram Kathi,2010,https://boxd.it/2S2e,2.5
2023-10-30,Tiger,2015,https://boxd.it/eA3C,2
2023-10-30,47 Days,2020,https://boxd.it/qYIe,1.5
2023-10-30,Thipparaa Meesam,2019,https://boxd.it/o0pC,2.5
2023-10-30,Subash Chandra Bose,2005,https://boxd.it/8xWi,2.5
2023-10-30,Om 3D,2013,https://boxd.it/es8Y,1.5
2023-10-30,Software Sudheer,2019,https://boxd.it/ozvq,1.5
2023-10-30,Maaro,2011,https://boxd.it/2UnI,1.5
2023-10-30,Game,2006,https://boxd.it/wKpY,1.5
2023-10-30,Thor: The Dark World,2013,https://boxd.it/2DqA,2
2023-10-30,The Interview,2014,https://boxd.it/6KQ4,2.5
2023-10-30,Basic Instinct,1992,https://boxd.it/2asM,2.5
2023-10-30,Beast,2022,https://boxd.it/u7XI,2.5
2023-10-30,AK vs AK,2020,https://boxd.it/rBZ4,2.5
2023-10-30,Darbar,2020,https://boxd.it/lT1O,2.5
2023-10-30,Nizhal,2021,https://boxd.it/tW8k,2.5
2023-10-30,Mishan Impossible,2022,https://boxd.it/xBdw,3
2023-10-30,Gulabo Sitabo,2020,https://boxd.it/mArq,0.5
2023-10-30,Dhamaka,2022,https://boxd.it/xxLk,0.5
2023-10-30,Tuck Jagadish,2021,https://boxd.it/twvs,0.5
2023-10-30,Khiladi,2022,https://boxd.it/tTfs,0.5
2023-10-30,Badrinath,2011,https://boxd.it/2GUI,0.5
2023-10-30,100,2019,https://boxd.it/jt5w,1
2023-10-30,Varudu,2010,https://boxd.it/7c7c,1
2023-10-30,N.T.R: Kathanayakudu,2019,https://boxd.it/kQxK,1
2023-10-30,Srinivasa Kalyanam,2018,https://boxd.it/jHjs,1
2023-10-30,Amar Akbar Anthony,2018,https://boxd.it/jtSe,0.5
2023-10-30,Kee,2019,https://boxd.it/ewWo,1
2023-10-30,Mosagallu,2021,https://boxd.it/uooK,1
2023-10-30,Dictator,2016,https://boxd.it/cRhW,1
2023-10-30,Dongalunnaru Jagratha,2022,https://boxd.it/B7ve,2.5
2023-10-30,Maa Vintha Gaadha Vinuma,2020,https://boxd.it/sHzS,2
2023-10-30,Andhrawala,2004,https://boxd.it/9R6e,1
2023-10-30,Veera Simha Reddy,2023,https://boxd.it/xSvC,1.5
2023-10-30,V,2020,https://boxd.it/pu7K,1.5
2023-10-30,One,2021,https://boxd.it/ufKW,1.5
2023-10-30,Penguin,2020,https://boxd.it/qI5q,1
2023-10-30,World Famous Lover,2020,https://boxd.it/oxik,1.5
2023-10-30,Kadaikutty Singam,2018,https://boxd.it/i08u,1
2023-10-30,D for Dopidi,2013,https://boxd.it/7rsa,3
2023-10-31,Punch-Drunk Love,2002,https://boxd.it/20E4,4
2023-11-01,Snatch,2000,https://boxd.it/2b7U,4
2023-11-01,Mulholland Drive,2001,https://boxd.it/297o,4.5
2023-11-05,Keedaa Cola,2023,https://boxd.it/BzHM,3.5
2023-11-05,Maa Oori Polimera 2,2023,https://boxd.it/IL1C,3.5
2023-11-08,The Place Beyond the Pines,2012,https://boxd.it/3mDu,4
2023-11-08,Trapped,2017,https://boxd.it/fj8i,4
2023-11-08,MAD,2023,https://boxd.it/J1OA,2.5
2023-11-11,Hostel Hudugaru Bekagiddare,2023,https://boxd.it/Hprw,3
2023-11-11,The Killer,2023,https://boxd.it/u6WE,3.5
2023-11-11,Soodhu Kavvum,2013,https://boxd.it/5IRi,3.5
2023-11-11,Godavari,2006,https://boxd.it/2PDm,4
2023-11-12,Irugapatru,2023,https://boxd.it/EEGA,3.5
2023-11-13,Jigarthanda DoubleX,2023,https://boxd.it/C4xI,4
2023-11-13,Under the Banner of Heaven,2022,https://boxd.it/zMlA,4
2023-11-14,X-Men,2000,https://boxd.it/1a7s,3
2023-11-16,Babel,2006,https://boxd.it/292o,4
2023-11-18,The Night Manager,2016,https://boxd.it/dsfS,4
2023-11-18,Udhayam NH4,2013,https://boxd.it/5FGm,3.5
2023-11-19,Chinatown,1974,https://boxd.it/29vU,4
2023-11-20,Aftersun,2022,https://boxd.it/Arw0,4
2023-11-21,Saving Private Ryan,1998,https://boxd.it/29ro,4.5
2023-11-21,Easy A,2010,https://boxd.it/17DK,3.5
2023-11-22,83,2021,https://boxd.it/mbBg,3.5
2023-11-22,Venom,2018,https://boxd.it/b8wA,3
2023-11-23,Ferris Bueller's Day Off,1986,https://boxd.it/1YPY,3.5
2023-11-23,Shiva Baby,2020,https://boxd.it/oIv0,3.5
2023-11-26,Ayyare,2012,https://boxd.it/3yyc,3
2023-11-26,The Town,2010,https://boxd.it/1zyS,3.5
2023-11-28,Tamasha,2015,https://boxd.it/bgLI,4.5
2023-11-29,Mean Girls,2004,https://boxd.it/1VNg,3.5
2023-11-29,Locke,2013,https://boxd.it/6hHC,3.5
2023-11-29,Maanaadu,2021,https://boxd.it/ju24,3.5
2023-11-29,X,2022,https://boxd.it/sxVa,3.5
2023-11-30,Reservoir Dogs,1992,https://boxd.it/2agc,3.5
2023-12-01,Palm Springs,2020,https://boxd.it/lCXQ,5
2023-12-01,Chithha,2023,https://boxd.it/GbIc,3.5
2023-12-02,Animal,2023,https://boxd.it/toAu,4
2023-12-02,When Harry Met Sally...,1989,https://boxd.it/29W2,5
2023-12-04,Gladiator,2000,https://boxd.it/2b9m,4.5
2023-12-05,War Dogs,2016,https://boxd.it/9SlO,3.5
2023-12-06,Killers of the Flower Moon,2023,https://boxd.it/gHp0,3.5
2023-12-06,Mayakkam Enna,2011,https://boxd.it/2F2U,2.5
2023-12-07,Lost in Translation,2003,https://boxd.it/2b0E,3.5
2023-12-08,Danger,2005,https://boxd.it/4iy8,3.5
2023-12-10,Hi Nanna,2023,https://boxd.it/Eqsa,4
2023-12-10,The Killing of a Sacred Deer,2017,https://boxd.it/dZ5G,4.5
2023-12-12,The King of Comedy,1982,https://boxd.it/2aJS,4.5
2023-12-13,Leave the World Behind,2023,https://boxd.it/re0i,3.5
2023-12-13,Maniac,2018,https://boxd.it/jX9y,3.5
2023-12-14,Whiplash,2013,https://boxd.it/cJds,4
2023-12-14,CIA: Comrade In America,2017,https://boxd.it/fCGy,3.5
2023-12-14,Primal Fear,1996,https://boxd.it/28ws,4
2023-12-15,Dhoomam,2023,https://boxd.it/CXVg,3
2023-12-15,Game Night,2018,https://boxd.it/fRtu,3.5
2023-12-15,World War Z,2013,https://boxd.it/2p2E,3.5
2023-12-15,Bhoothakaalam,2022,https://boxd.it/xfZo,2.5
2023-12-16,Eyes Wide Shut,1999,https://boxd.it/2axs,5
2023-12-17,Chungking Express,1994,https://boxd.it/1UDa,3.5
2023-12-19,Sherlock Holmes,2009,https://boxd.it/1W2A,3.5
2023-12-19,Ante... Sundaraniki!,2022,https://boxd.it/vu0w,4.5
2023-12-19,The Reader,2008,https://boxd.it/20Dq,3.5
2023-12-20,Pokiri,2006,https://boxd.it/1ziK,4.5
2023-12-21,Sherlock Holmes: A Game of Shadows,2011,https://boxd.it/k3S,4
2023-12-22,Groundhog Day,1993,https://boxd.it/2b3e,3.5
2023-12-23,Death Note,2006,https://boxd.it/psEs,5
2023-12-23,Split,2016,https://boxd.it/dgSy,4
2023-12-23,Salaar: Part 1 - Ceasefire,2023,https://boxd.it/sYOU,3.5
2023-12-24,Unbreakable,2000,https://boxd.it/1XV2,3.5
2023-12-25,Triangle,2009,https://boxd.it/1tQG,3.5
2023-12-25,Home Alone,1990,https://boxd.it/29Fg,4
2023-12-26,Shithouse,2020,https://boxd.it/nCFc,4
2023-12-26,Me and Earl and the Dying Girl,2015,https://boxd.it/9SAE,4.5
2023-12-27,Mangalavaaram,2023,https://boxd.it/Floa,3.5
2023-12-27,Chef,2014,https://boxd.it/6lCG,4
2023-12-28,Home Alone 2: Lost in New York,1992,https://boxd.it/29F6,3.5
2023-12-29,The Hunger Games,2012,https://boxd.it/2uds,3.5
2023-12-30,Juice,2017,https://boxd.it/hTsi,4
2023-12-31,Parking,2023,https://boxd.it/Iyga,4.5
2024-01-01,12th Fail,2023,https://boxd.it/I1sM,4.5
2024-01-07,Society of the Snow,2023,https://boxd.it/y9aw,3.5
2024-01-10,Chekka Chivantha Vaanam,2018,https://boxd.it/idrO,2.5
2024-01-11,Venky Mama,2019,https://boxd.it/mGTA,2.5
2024-01-12,Party,2006,https://boxd.it/es8a,3.5
2024-01-13,Gravity,2013,https://boxd.it/GZY,3.5
2024-01-14,LKG,2019,https://boxd.it/j7aY,3.5
2024-01-14,Saltburn,2023,https://boxd.it/z4eg,3.5
2024-01-15,Dumb Money,2023,https://boxd.it/tNdU,3.5
2024-01-15,The Holdovers,2023,https://boxd.it/vHza,4
2024-01-16,Pride & Prejudice,2005,https://boxd.it/24u8,3.5
2024-01-17,Kalki,2019,https://boxd.it/mxCK,3.5
2024-01-17,Paterson,2016,https://boxd.it/cRk2,3.5
2024-01-19,Avatar: The Way of Water,2022,https://boxd.it/2E2E,3.5
2024-01-19,Sleepless in Seattle,1993,https://boxd.it/29re,4.5
2024-01-20,Naanum Rowdydhaan,2015,https://boxd.it/ap8I,3.5
2024-01-21,Raja Raja Chora,2021,https://boxd.it/udD0,4
2024-01-26,Hanu-Man,2024,https://boxd.it/wNZ6,3.5
2024-01-28,You've Got Mail,1998,https://boxd.it/1Yye,4
2024-01-28,Dookudu,2011,https://boxd.it/2N9E,3.5
2024-01-28,Seethamma Vakitlo Sirimalle Chettu,2013,https://boxd.it/5PiO,3.5
2024-01-28,Aagadu,2014,https://boxd.it/9hV6,3.5
2024-01-28,Spyder,2017,https://boxd.it/g8vW,3.5
2024-01-28,Maharshi,2019,https://boxd.it/jKog,3.5
2024-01-28,Sarileru Neekevvaru,2020,https://boxd.it/mq7K,3
2024-01-28,Sarkaru Vaari Paata,2022,https://boxd.it/tvx8,2.5
2024-01-28,Guntur Kaaram,2024,https://boxd.it/wLww,3
2024-02-02,Nijam,2003,https://boxd.it/6EBi,4
2024-02-04,Sapta Sagaradaache Ello - Side B,2023,https://boxd.it/IhOE,3.5
2024-02-04,Phone Booth,2002,https://boxd.it/285G,4
2024-02-08,Anasuya,2007,https://boxd.it/3PYw,3.5
2024-02-11,Sicario,2015,https://boxd.it/8i7u,4
2024-02-15,Battle of the Sexes,2017,https://boxd.it/cNxw,3.5
2024-02-19,Joker,2019,https://boxd.it/h4cS,3.5
2024-02-19,Saba Nayagan,2023,https://boxd.it/GiBi,3
2024-02-22,A Quiet Place,2018,https://boxd.it/fVJQ,4
2024-02-23,A Quiet Place Part II,2020,https://boxd.it/iTx0,3.5
2024-02-24,Fargo,1996,https://boxd.it/2aHM,4.5
2024-02-25,The Secret Life of Walter Mitty,2013,https://boxd.it/3SWy,3.5
2024-02-26,Month of Madhu,2023,https://boxd.it/J3Kg,3.5
2024-02-26,Paisa,2013,https://boxd.it/7ESA,3
2024-03-02,Dune: Part Two,2024,https://boxd.it/pUfA,4
2024-03-04,Searching,2018,https://boxd.it/hDPg,3.5
2024-03-05,Marriage Story,2019,https://boxd.it/hJAw,4
2024-03-06,Past Lives,2023,https://boxd.it/oNB8,3.5
2024-03-07,A Clockwork Orange,1971,https://boxd.it/2aVE,4
2024-03-08,Gaami,2024,https://boxd.it/xt9G,4
2024-03-08,Southpaw,2015,https://boxd.it/9Phu,3.5
2024-03-10,Merry Christmas,2024,https://boxd.it/xCn8,3.5
2024-03-10,Ooru Peru Bhairavakona,2024,https://boxd.it/CXUi,2.5
2024-03-10,Ambulance,2022,https://boxd.it/sFxg,3
2024-03-11,Badlapur,2015,https://boxd.it/avnO,3.5
2024-03-11,Brokeback Mountain,2005,https://boxd.it/2b2q,4
2024-03-13,The Gentlemen,2019,https://boxd.it/iYBQ,4
2024-03-13,Edge of Tomorrow,2014,https://boxd.it/4pD0,4
2024-03-14,Manchester by the Sea,2016,https://boxd.it/b2L0,4
2024-03-15,End of Watch,2012,https://boxd.it/2F5O,3.5
2024-03-16,Tropic Thunder,2008,https://boxd.it/20WM,3.5
2024-03-17,Heat,1995,https://boxd.it/2bg8,3.5
2024-03-19,Maryada Ramanna,2010,https://boxd.it/tuI,3.5
2024-03-21,Demolition,2015,https://boxd.it/9GuY,3.5
2024-03-21,Frances Ha,2012,https://boxd.it/41Xg,3.5
2024-03-22,Road House,2024,https://boxd.it/cdzQ,3.5
2024-03-25,Om Bheem Bush,2024,https://boxd.it/LxjI,3.5
2024-03-25,Scream,1996,https://boxd.it/24EC,3.5
2024-03-25,Prathinidhi,2014,https://boxd.it/85SM,3.5
2024-03-25,Burn After Reading,2008,https://boxd.it/23BW,3.5
2024-03-28,Godzilla,2014,https://boxd.it/47OE,3
2024-03-28,Wonka,2023,https://boxd.it/tCQm,3.5
2024-03-30,(Tillu)²,2024,https://boxd.it/DkCQ,3.5
2024-03-31,Sundaram Master,2024,https://boxd.it/LurE,3.5
2024-03-31,Stalin,2006,https://boxd.it/78y4,3.5
2024-04-02,Bombay,1995,https://boxd.it/1ugk,4
2024-04-02,Red Eye,2005,https://boxd.it/1TNy,3.5
2024-04-04,Parasite,2019,https://boxd.it/hTha,5
2024-04-05,Signs,2002,https://boxd.it/26t2,3.5
2024-04-06,Lover,2024,https://boxd.it/KhoK,3.5
2024-04-07,Manjummel Boys,2024,https://boxd.it/EtUc,5
2024-04-07,The Lord of the Rings: The Fellowship of the Ring,2001,https://boxd.it/2b5O,4
2024-04-09,The Lord of the Rings: The Two Towers,2002,https://boxd.it/2b5E,4
2024-04-10,I Am Legend,2007,https://boxd.it/21DG,3.5
2024-04-11,The Lord of the Rings,2003,https://boxd.it/2b5Y,4.5
2024-04-12,Premalu,2024,https://boxd.it/HuK4,3.5
2024-04-13,Yatra 2,2024,https://boxd.it/L4M2,2.5
2024-04-14,Instant Family,2018,https://boxd.it/hHpQ,3.5
2024-04-14,Rear Window,1954,https://boxd.it/2a6Q,3.5
2024-04-15,Annayum Rasoolum,2013,https://boxd.it/4T6g,3
2024-04-17,Good Time,2017,https://boxd.it/fcFu,3.5
2024-04-18,Money Money,1995,https://boxd.it/ebhY,3.5
2024-04-18,Charlie,2015,https://boxd.it/cV5q,3.5
2024-04-19,Moneyball,2011,https://boxd.it/glS,3.5
2024-04-19,Under the Skin,2013,https://boxd.it/3mDa,3.5
2024-04-20,English Vinglish,2012,https://boxd.it/3Weq,3.5
2024-04-20,Kumbalangi Nights,2019,https://boxd.it/l8wA,4
2024-04-20,"O Brother, Where Art Thou?",2000,https://boxd.it/2b3I,3.5
2024-04-21,Late Night with the Devil,2023,https://boxd.it/zo6G,3.5
2024-04-25,Monkey Man,2024,https://boxd.it/kvsO,3.5
2024-04-27,NH10,2015,https://boxd.it/aOPW,4
2024-04-27,My Dear Donga,2024,https://boxd.it/LMxq,3
2024-04-28,Blade Runner 2049,2017,https://boxd.it/b8wK,4
2024-04-29,Love Lies Bleeding,2024,https://boxd.it/zN4q,3.5
2024-04-29,We're the Millers,2013,https://boxd.it/4srQ,3.5
2024-04-29,Lisa Frankenstein,2024,https://boxd.it/ByjY,3.5
2024-04-30,The Fall Guy,2024,https://boxd.it/s0Bm,4
2024-04-30,Bangalore Days,2014,https://boxd.it/82ZA,3.5
2024-04-30,Don Seenu,2010,https://boxd.it/xKK,3
2024-05-03,Under the Silver Lake,2018,https://boxd.it/dSAs,4
2024-05-04,Baby Reindeer,2024,https://boxd.it/MwSa,4.5
2024-05-04,Kiss Kiss Bang Bang,2005,https://boxd.it/23c8,3.5
2024-05-05,This Is the End,2013,https://boxd.it/3GB4,2.5
2024-05-07,X2,2003,https://boxd.it/1a7i,2.5
2024-05-09,Atomic Blonde,2017,https://boxd.it/blDk,3.5
2024-05-11,The Ministry of Ungentlemanly Warfare,2024,https://boxd.it/u5zu,3.5
2024-05-12,Pisaasu,2014,https://boxd.it/9ZDK,3.5
2024-05-13,Aapadbandhavudu,1992,https://boxd.it/5uQK,4
2024-05-14,Godzilla Minus One,2023,https://boxd.it/zu4c,4
2024-05-15,Satya,1998,https://boxd.it/1BNq,3.5
2024-05-18,The Game,1997,https://boxd.it/26vC,4
2024-05-18,Panic Room,2002,https://boxd.it/2490,3.5
2024-05-19,Kodama Simham,1990,https://boxd.it/8utM,3
2024-05-20,Nayakan,1987,https://boxd.it/1meA,4
2024-05-20,Revolutionary Road,2008,https://boxd.it/24Le,3.5
2024-05-21,127 Hours,2010,https://boxd.it/SLa,3.5
2024-05-22,Geethanjali,1989,https://boxd.it/4I5c,4.5
2024-05-23,Extra Ordinary Man,2023,https://boxd.it/HwiQ,2
2024-05-24,Suspiria,2018,https://boxd.it/cioI,3
2024-05-24,Challengers,2024,https://boxd.it/zld0,3.5
2024-05-26,Civil War,2024,https://boxd.it/z1jW,3
2024-05-27,Furiosa: A Mad Max Saga,2024,https://boxd.it/tABk,4
2024-05-27,1917,2019,https://boxd.it/jj4y,3
2024-05-27,Aavesham,2024,https://boxd.it/F2fe,3.5
2024-05-27,No Country for Old Men,2007,https://boxd.it/21ew,3
2024-05-27,The Witch,2015,https://boxd.it/9X0m,3.5
2024-05-28,Prasanna Vadanam,2024,https://boxd.it/MXNc,3.5
2024-05-29,I'm Thinking of Ending Things,2020,https://boxd.it/i4IQ,3.5
2024-05-30,Ammo! Okato Tareekhu,2000,https://boxd.it/fA4M,3.5
2024-05-30,It Follows,2014,https://boxd.it/87wo,3.5
2024-05-31,1: Nenokkadine,2014,https://boxd.it/7jOs,4.5
2024-05-31,Bujji & Bhairava,2024,https://boxd.it/NvJo,3.5
2024-05-31,Mahanati,2018,https://boxd.it/grck,4
2024-05-31,The Lotus Pond,2011,https://boxd.it/EaTE,3.5
2024-06-01,Dogville,2003,https://boxd.it/2a8W,4
2024-06-01,Yevade Subramanyam,2015,https://boxd.it/aXTy,4
2024-06-04,Lost Ladies,2023,https://boxd.it/I0mS,3.5
2024-06-05,A Man Called Otto,2022,https://boxd.it/zl06,4.5
2024-06-07,Brothers,2009,https://boxd.it/20WW,3.5
2024-06-08,Hit Man,2023,https://boxd.it/ANB2,3.5
2024-06-16,The Kid Detective,2020,https://boxd.it/r0qm,3.5
2024-06-16,Goodnight Mommy,2022,https://boxd.it/uGgk,2
2024-06-17,Am I OK?,2022,https://boxd.it/nPqY,2.5
2024-06-19,Doctor Sleep,2019,https://boxd.it/i5vI,3.5
2024-06-20,Bolt,2008,https://boxd.it/1QXg,3
2024-06-20,Once Upon a Time... in Hollywood,2019,https://boxd.it/gH0O,4.5
2024-06-21,Star,2024,https://boxd.it/MEYq,2.5
2024-06-21,Blink,2024,https://boxd.it/GYyU,2.5
2024-06-22,Kramer vs. Kramer,1979,https://boxd.it/h0w,4.5
2024-06-22,Sita Ramam,2022,https://boxd.it/xO2c,3.5
2024-06-22,Tetris,2023,https://boxd.it/rePK,3.5
2024-06-23,Golimaar,2010,https://boxd.it/6T6,3.5
2024-06-24,Mudhalvan,1999,https://boxd.it/7Zu,4
2024-06-24,One Flew Over the Cuckoo's Nest,1975,https://boxd.it/2aeA,4
2024-06-25,La La Land,2016,https://boxd.it/a5fa,4.5
2024-06-25,Saguni,2012,https://boxd.it/2fjg,3.5
2024-06-26,The Intern,2015,https://boxd.it/7AOE,3.5
2024-06-27,Welcome obama,2013,https://boxd.it/z4pe,3
2024-06-27,Possession,1981,https://boxd.it/1BPm,3
2024-06-28,Kalki 2898-AD,2024,https://boxd.it/uaUM,4.5
2024-06-29,Sainikudu,2006,https://boxd.it/32ry,3
2024-07-03,Harry Potter and the Chamber of Secrets,2002,https://boxd.it/29QI,4.5
2024-07-03,Star Wars,1977,https://boxd.it/72s,3
2024-07-04,Harry Potter and the Goblet of Fire,2005,https://boxd.it/29Qo,4
2024-07-04,Harry Potter and the Prisoner of Azkaban,2004,https://boxd.it/29Qy,4.5
2024-07-05,Harry Potter and the Half-Blood Prince,2009,https://boxd.it/29FU,3.5
2024-07-05,Harry Potter and the Deathly Hallows: Part 1,2010,https://boxd.it/1RYu,3.5
2024-07-05,Harry Potter and the Deathly Hallows: Part 2,2011,https://boxd.it/1RYk,4
2024-07-06,Monster,2023,https://boxd.it/DJEM,3.5
2024-07-07,10 Things I Hate About You,1999,https://boxd.it/23AO,4
2024-07-10,Escape from Pretoria,2020,https://boxd.it/i92q,3.5
2024-07-11,Paathshala,2014,https://boxd.it/9Kis,3
2024-07-11,Hey Ram,2000,https://boxd.it/fGg,4
2024-07-13,The Hunt,2012,https://boxd.it/3wEC,4.5
2024-07-13,Maharaja,2024,https://boxd.it/GiAu,4
2024-07-14,Aarambham,2024,https://boxd.it/N8l4,2.5
2024-07-15,Indian,1996,https://boxd.it/1iUM,3.5
2024-07-16,Guruvayoorambala Nadayil,2024,https://boxd.it/Eqle,3
2024-07-17,Ocean's Eleven,2001,https://boxd.it/2aZm,3.5
2024-07-21,Bhala Thandanana,2022,https://boxd.it/xzSM,3
2024-07-21,The Goat Life,2024,https://boxd.it/gVZQ,4
2024-07-22,Kill,2023,https://boxd.it/HTqS,4
2024-07-24,Thittam Irandu,2021,https://boxd.it/wjlq,3.5
2024-07-24,Thegidi,2014,https://boxd.it/7BiE,4
2024-07-24,Hot Spot,2024,https://boxd.it/Mhr4,3.5
2024-07-25,X-Men: The Last Stand,2006,https://boxd.it/1a5Q,2.5
2024-07-25,X-Men Origins: Wolverine,2009,https://boxd.it/27ug,3
2024-07-26,X-Men: First Class,2011,https://boxd.it/FOA,3
2024-07-27,X-Men: Days of Future Past,2014,https://boxd.it/4aRw,3
2024-07-28,Deadpool & Wolverine,2024,https://boxd.it/jq8s,3
2024-07-28,Logan,2017,https://boxd.it/7Piy,3.5
2024-07-31,Doctor Strange in the Multiverse of Madness,2022,https://boxd.it/gaTc,3.5
2024-08-02,War of the Worlds,2005,https://boxd.it/2bde,3
2024-08-04,Jungle,2017,https://boxd.it/dCpo,3.5
2024-08-04,Brochevarevarura,2019,https://boxd.it/mBiE,5
2024-08-04,Atonement,2007,https://boxd.it/24ui,3.5
2024-08-04,The Incredibles,2004,https://boxd.it/1XLm,3.5
2024-08-06,Modern Masters: SS Rajamouli,2024,https://boxd.it/O7lE,3
2024-08-06,Dongata,2015,https://boxd.it/dhPU,3
2024-08-07,Adaptation.,2002,https://boxd.it/26mA,4
2024-08-08,Okkadu,2003,https://boxd.it/3iHC,4.5
2024-08-09,Aattam,2023,https://boxd.it/Aaws,3.5
2024-08-10,Kick-Ass,2010,https://boxd.it/1zaQ,4
2024-08-11,Murari,2001,https://boxd.it/32tk,4.5
2024-08-12,Indian 2: Zero Tolerance,2024,https://boxd.it/kbw2,2
2024-08-12,Twisters,2024,https://boxd.it/qV7a,3.5
2024-08-20,The Instigators,2024,https://boxd.it/E4jA,3
2024-08-20,Maaveeran,2023,https://boxd.it/Bktq,4
2024-08-29,Saripodhaa Sanivaaram,2024,https://boxd.it/Jkwq,4
2024-08-31,Kinds of Kindness,2024,https://boxd.it/CWPw,2.5
2024-09-01,Do Aur Do Pyaar,2024,https://boxd.it/zTO0,3
2024-09-02,The Big Lebowski,1998,https://boxd.it/2b6C,3
2024-09-02,Idiocracy,2006,https://boxd.it/20RW,2
2024-09-04,The Piano Teacher,2001,https://boxd.it/2886,4
2024-09-05,Baasha,1995,https://boxd.it/GVW,3.5
2024-09-05,8 A.M. Metro,2023,https://boxd.it/GpSK,4
2024-09-08,Phobia,2016,https://boxd.it/dZ6Y,4
2024-09-09,Aruvi,2016,https://boxd.it/eYdQ,4
2024-09-10,Trap,2024,https://boxd.it/D4nK,3
2024-09-11,The Greatest of All Time,2024,https://boxd.it/GIkW,3
2024-09-12,Surigadu,1992,https://boxd.it/QdPa,3.5
2024-09-13,Ace Ventura: Pet Detective,1994,https://boxd.it/25RW,3
2024-09-13,Crew,2024,https://boxd.it/DA96,3
2024-09-15,Escape from Alcatraz,1979,https://boxd.it/1Vwk,3.5
2024-09-15,Daddy,2001,https://boxd.it/8v3g,3
2024-09-16,Mathu Vadalara 2,2024,https://boxd.it/LAJY,3.5
2024-09-17,Vivarium,2019,https://boxd.it/gmVE,3
2024-09-22,Parama Veera Chakra,2011,https://boxd.it/2uKm,0.5
2024-09-22,Longlegs,2024,https://boxd.it/KzLM,2.5
2024-09-26,Hot Fuzz,2007,https://boxd.it/2416,4
2024-09-27,Devara : Part 1,2024,https://boxd.it/uzQU,2
2024-09-28,Wolfs,2024,https://boxd.it/x6zG,3
2024-09-29,Nireekshana,1982,https://boxd.it/g2IK,4.5
2024-09-30,Meiyazhagan,2024,https://boxd.it/GYue,4.5
2024-10-02,Vaazha: Biopic of a Billion Boys,2024,https://boxd.it/J7TG,2.5
2024-10-03,Speak No Evil,2024,https://boxd.it/G9f8,4
2024-10-08,The Sixth Sense,1999,https://boxd.it/29Js,4.5
2024-10-08,Committee Kurrollu,2024,https://boxd.it/OE3o,3
2024-10-10,It's What's Inside,2024,https://boxd.it/DOV4,3.5
2024-10-14,The Substance,2024,https://boxd.it/zanS,3.5
2024-10-15,13 Going on 30,2004,https://boxd.it/1X6e,3.5
2024-10-16,I Saw the TV Glow,2024,https://boxd.it/woVe,1.5
2024-10-17,Prati Roju Pandaage,2019,https://boxd.it/mQe8,2.5
2024-10-18,Apoorva Sagodharargal,1989,https://boxd.it/8pi,3.5
2024-10-19,Caddo Lake,2024,https://boxd.it/wDSu,3.5
2024-10-20,The Descendants,2011,https://boxd.it/4Ba,3
2024-10-20,Raghu Thatha,2024,https://boxd.it/GOoA,3
2024-10-23,What You Wish For,2023,https://boxd.it/GByC,3.5
2024-10-24,Demonte Colony 2,2024,https://boxd.it/AZrI,2.5
2024-10-24,CTRL,2024,https://boxd.it/Hmzi,3
2024-10-26,Woman of the Hour,2023,https://boxd.it/vuz2,3
2024-10-27,Among Us,2020,https://boxd.it/AusK,3
2024-10-27,35 - Chinna Katha Kaadu,2024,https://boxd.it/OK3a,3.5
2024-10-28,The Pursuit of Happyness,2006,https://boxd.it/28PE,4
2024-10-29,Smile,2022,https://boxd.it/xjfE,3.5
2024-10-30,Smile 2,2024,https://boxd.it/FDA4,3.5
2024-10-31,The Graduate,1967,https://boxd.it/18Im,3.5
2024-11-01,Lucky Baskhar,2024,https://boxd.it/L79s,4
2024-11-02,Lubber Pandhu,2024,https://boxd.it/FvlK,3.5
2024-11-02,Jennifer's Body,2009,https://boxd.it/1Efw,3
2024-11-09,Swag,2024,https://boxd.it/LHmM,4
2024-11-10,A Different Man,2024,https://boxd.it/BoEC,3.5
2024-11-10,The Green Mile,1999,https://boxd.it/2agG,3.5
2024-11-14,Vettaiyan,2024,https://boxd.it/FnTu,3
2024-11-14,Saturday Night,2024,https://boxd.it/Gpfo,3
2024-11-15,The Skin I Live In,2011,https://boxd.it/99A,3.5
2024-11-16,My Old Ass,2024,https://boxd.it/zLP0,3
2024-11-17,Fresh,2022,https://boxd.it/tCNi,3.5
2024-11-18,Pushpa: The Rise - Part 1,2021,https://boxd.it/pO3y,4
2024-11-18,Notting Hill,1999,https://boxd.it/2aeK,3.5
2024-11-22,Prison Break: The Final Break,2009,https://boxd.it/5phg,3
2024-11-22,Totally Killer,2023,https://boxd.it/AOpG,2.5
2024-11-23,Meda Meeda Abbayi,2017,https://boxd.it/h2XW,3
2024-12-01,Kandukondain Kandukondain,2000,https://boxd.it/2ha6,3.5
2024-12-01,The Others,2001,https://boxd.it/27Po,3
2024-12-04,We Live in Time,2024,https://boxd.it/FC5u,3
2024-12-04,The Vanishing,1988,https://boxd.it/1ZTW,4
2024-12-05,The Village,2004,https://boxd.it/21iS,3.5
2024-12-05,Bloody Beggar,2024,https://boxd.it/O1a6,3
2024-12-06,Pushpa 2 - The Rule,2024,https://boxd.it/wooY,3.5
2024-12-07,Don't Breathe,2016,https://boxd.it/9yzw,3.5
2024-12-07,Chitralahari,2019,https://boxd.it/lIOg,3.5
2024-12-07,Lars and the Real Girl,2007,https://boxd.it/21tG,3.5
2024-12-08,April 1st Vidudala,1991,https://boxd.it/10EG,3.5
2024-12-08,Golam,2024,https://boxd.it/KoIC,3
2024-12-10,Kishkindha Kaandam,2024,https://boxd.it/CLOM,3.5
2024-12-12,The Man from Earth,2007,https://boxd.it/1Ql2,3
2024-12-13,I Saw the Devil,2010,https://boxd.it/FaK,4
2024-12-14,Mechanic Rocky,2024,https://boxd.it/FHW4,3
2024-12-14,The Impossible,2012,https://boxd.it/2N9k,3.5
2024-12-15,Varathan,2018,https://boxd.it/jTP6,4
2024-12-15,Bougainvillea,2024,https://boxd.it/IElg,3
2024-12-17,Sookshmadarshini,2024,https://boxd.it/zRX0,3.5
2024-12-17,Heretic,2024,https://boxd.it/H1lY,3.5
2024-12-17,Sorry to Bother You,2018,https://boxd.it/f21E,3
2024-12-19,Anora,2024,https://boxd.it/Egcw,3.5
2024-12-19,Carry-On,2024,https://boxd.it/C0B2,3.5
2024-12-20,Zebra,2024,https://boxd.it/DckE,3
2024-12-20,Red One,2024,https://boxd.it/vTBM,2.5
2024-12-21,KA,2024,https://boxd.it/Qacu,3
2024-12-24,Portrait of a Lady on Fire,2019,https://boxd.it/jkPq,3
2024-12-26,Mission: Impossible – Rogue Nation,2015,https://boxd.it/5rI4,3.5
2024-12-27,Mission: Impossible – Fallout,2018,https://boxd.it/bSVc,3.5
2024-12-28,The Lobster,2015,https://boxd.it/7tnw,3
2024-12-29,"Three Billboards Outside Ebbing, Missouri",2017,https://boxd.it/ceBS,3.5
2024-12-29,Pelli Choopulu,2016,https://boxd.it/dM0o,4.5
2024-12-30,Anukokunda Oka Roju,2005,https://boxd.it/2P6W,3.5
2024-12-31,Juror #2,2024,https://boxd.it/FRwU,3.5
2025-01-02,Mysterious Skin,2004,https://boxd.it/1UsG,3.5
2025-01-03,The Guest,2014,https://boxd.it/76RS,3
2025-01-03,April Snow,2005,https://boxd.it/b0K,3
2025-01-04,Courier Boy Kalyan,2015,https://boxd.it/gjLw,3.5
2025-01-04,There Will Be Blood,2007,https://boxd.it/20Z2,3
2025-01-05,A Real Pain,2024,https://boxd.it/CjNG,3
2025-01-06,Breakdown,1997,https://boxd.it/27iE,4
2025-01-07,Scarface,1983,https://boxd.it/2b7g,3.5
2025-01-07,Little Women,2019,https://boxd.it/aSVk,3.5
2025-01-07,The Lord of the Rings: The Return of the King,2003,https://boxd.it/2b5u,4.5
2025-01-07,Ex Machina,2015,https://boxd.it/7T2k,4.5
2025-01-07,The Worst Person in the World,2021,https://boxd.it/oyws,4
2025-01-07,Midnight in Paris,2011,https://boxd.it/i4a,3.5
2025-01-07,Zack Snyder's Justice League,2021,https://boxd.it/tLOk,4
2025-01-07,Mystic River,2003,https://boxd.it/2aAG,4
2025-01-07,Pulp Fiction,1994,https://boxd.it/29Pq,4
2025-01-07,Poor Things,2023,https://boxd.it/tNWU,3.5
2025-01-07,The Lighthouse,2019,https://boxd.it/icFU,3
2025-01-08,Manu,2018,https://boxd.it/jWL2,3
2025-01-09,Stree,2018,https://boxd.it/jrdI,3
2025-01-12,Katha,2009,https://boxd.it/EdZq,3.5
2025-01-12,Aithe,2003,https://boxd.it/a1hc,3.5
2025-01-13,Raja the Great,2017,https://boxd.it/girA,3.5
2025-01-13,F2: Fun and Frustration,2019,https://boxd.it/kMEi,3
2025-01-13,HIT: The First Case,2020,https://boxd.it/pifM,3.5
2025-01-16,Stree 2,2024,https://boxd.it/G5Cs,3
2025-01-16,Mission: Impossible – Dead Reckoning,2023,https://boxd.it/l7zS,3.5
2025-01-17,Sankranthiki Vasthunam,2025,https://boxd.it/R9Dc,3
2025-01-18,Guy Ritchie's The Covenant,2023,https://boxd.it/xjcK,3.5
2025-01-19,Into the Wild,2007,https://boxd.it/22m2,3.5
2025-01-20,Lights Out,2016,https://boxd.it/bAHc,2.5
2025-01-21,Drive-Away Dolls,2024,https://boxd.it/A8vi,3
2025-01-21,Ammoru,1995,https://boxd.it/8GYi,4
2025-01-22,Aravindha Sametha,2018,https://boxd.it/jsaU,3.5
2025-01-26,Game Changer,2025,https://boxd.it/uzQg,2.5
2025-01-26,Blue Velvet,1986,https://boxd.it/29BI,3.5
2025-01-28,Athidhi,2007,https://boxd.it/nJ8,3.5
2025-01-29,Black,2024,https://boxd.it/POYG,3.5
2025-01-30,Fractured,2019,https://boxd.it/kPL2,3
2025-01-30,Tom and Jerry: The Movie,1992,https://boxd.it/1Amo,3.5
2025-01-31,Amrutham Chandamama Lo,2014,https://boxd.it/8Ryg,3.5
2025-01-31,Budugu,2015,https://boxd.it/gj9s,2.5
2025-01-31,Vishaka Express,2008,https://boxd.it/8H5S,3
2025-02-01,Bowfinger,1999,https://boxd.it/1U3w,3
2025-02-01,Velaiyilla Pattathari,2014,https://boxd.it/7OWi,4
2025-02-02,Paiyaa,2010,https://boxd.it/13tc,4
2025-02-02,Prema,1989,https://boxd.it/8y2g,3
2025-02-03,Varumayin Niram Sivappu,1980,https://boxd.it/8iG,4
2025-02-03,10 Cloverfield Lane,2016,https://boxd.it/aZiu,3
2025-02-04,Forgotten,2017,https://boxd.it/hAJE,3.5
2025-02-04,Companion,2025,https://boxd.it/F04o,3.5
2025-02-06,The Spectacular Now,2013,https://boxd.it/4VSG,3.5
2025-02-06,Nymphomaniac: Vol. I,2013,https://boxd.it/7DiG,3
2025-02-08,Oldboy,2003,https://boxd.it/29R2,4
2025-02-11,Arjun,2004,https://boxd.it/2P7U,2.5
2025-02-11,"Synecdoche, New York",2008,https://boxd.it/23zw,3
2025-02-15,American Psycho,2000,https://boxd.it/28Vs,4
2025-02-16,The Aviator,2004,https://boxd.it/26BU,4
2025-02-18,Gangs of New York,2002,https://boxd.it/25FG,3
2025-02-19,The Great Indian Kitchen,2023,https://boxd.it/xeQq,3.5
2025-02-19,Blood Diamond,2006,https://boxd.it/28Tm,3.5
2025-02-22,What Women Want,2000,https://boxd.it/24Sa,3.5
2025-03-02,Dragon,2025,https://boxd.it/Mxns,3.5
2025-03-07,Click,2006,https://boxd.it/1YVM,2.5
2025-03-09,The Gorge,2025,https://boxd.it/zRqK,3
2025-03-10,Snowpiercer,2013,https://boxd.it/3Icg,4
2025-03-12,Jarhead,2005,https://boxd.it/70m,3
2025-03-13,Kudumbasthan,2025,https://boxd.it/QiHK,3
2025-03-13,Full Metal Jacket,1987,https://boxd.it/2a1Q,3
2025-03-14,Wrath of Man,2021,https://boxd.it/nEia,3
2025-03-15,The Man from U.N.C.L.E.,2015,https://boxd.it/67lG,3.5
2025-03-16,Novocaine,2025,https://boxd.it/JmdA,3.5
2025-03-17,Mickey 17,2025,https://boxd.it/q1Dk,3
2025-03-18,Unhinged,2020,https://boxd.it/najM,3
2025-03-19,The Painted Veil,2006,https://boxd.it/1OyS,3
2025-03-21,Twelve Monkeys,1995,https://boxd.it/2beQ,3.5
2025-03-23,They Live,1988,https://boxd.it/20lm,3.5
2025-03-26,Adolescence,2025,https://boxd.it/TFGw,3.5
2025-04-01,Court - State Vs. A Nobody,2025,https://boxd.it/SHmm,3.5
2025-04-03,Final Destination,2000,https://boxd.it/1YrC,2.5
2025-04-04,Ranga Ranga Vaibhavanga,2022,https://boxd.it/zeVu,0.5
